--ALTER TABLE LOCATION MODIFY LOC_PHONE_NUM VARCHAR2(20);

INSERT INTO VENDOR (V_ID,V_NAME,V_PHONE_NUM,V_ADDRESS,V_CITY)
VALUES (1,'Nascetur Ridiculus Mus Associates','(156) 648-2628','955-5026 Lacus. Rd.','Columbus');
INSERT INTO VENDOR (V_ID,V_NAME,V_PHONE_NUM,V_ADDRESS,V_CITY)
VALUES (2,'Aliquam Adipiscing Lobortis Foundation','1-882-874-5846','P.O. Box 347, 1679 Pellentesque Av.','Fort Worth');
INSERT INTO VENDOR (V_ID,V_NAME,V_PHONE_NUM,V_ADDRESS,V_CITY)
VALUES (3,'Nunc LLC','1-587-856-7243','7436 Fermentum Rd.','Provo');
INSERT INTO VENDOR (V_ID,V_NAME,V_PHONE_NUM,V_ADDRESS,V_CITY)
VALUES (4,'Arcu Nunc Limited','1-743-247-6328','133-5699 Cubilia Avenue','Omaha');
INSERT INTO VENDOR (V_ID,V_NAME,V_PHONE_NUM,V_ADDRESS,V_CITY)
VALUES (5,'Non Bibendum PC','1-203-955-3574','293-2589 Vulputate Avenue','Grand Rapids');
INSERT INTO VENDOR (V_ID,V_NAME,V_PHONE_NUM,V_ADDRESS,V_CITY)
VALUES (6,'Ac Ipsum Phasellus PC','(644) 726-5866','P.O. Box 342, 628 Sit Rd.','Rockville');
INSERT INTO VENDOR (V_ID,V_NAME,V_PHONE_NUM,V_ADDRESS,V_CITY)
VALUES (7,'Semper Dui Industries','(642) 222-3621','3906 Magna. St.','Lafayette');
INSERT INTO VENDOR (V_ID,V_NAME,V_PHONE_NUM,V_ADDRESS,V_CITY)
VALUES (8,'Ultricies Adipiscing Associates','1-619-647-5748','Ap #448-1415 Lacus Avenue','Birmingham');
INSERT INTO VENDOR (V_ID,V_NAME,V_PHONE_NUM,V_ADDRESS,V_CITY)
VALUES (9,'Molestie Dapibus Industries','(937) 774-4232','753-8843 At St.','Vancouver');
INSERT INTO VENDOR (V_ID,V_NAME,V_PHONE_NUM,V_ADDRESS,V_CITY)
VALUES (10,'Risus Morbi Metus Corp.','(860) 526-7427','3613 Diam. Road','Saint Louis');

INSERT INTO AREA (AREA_ID,AREA_NAME,AREA_DESC)
VALUES (1,'Burgenland','');
INSERT INTO AREA (AREA_ID,AREA_NAME,AREA_DESC)
VALUES (2,'North Island','');
INSERT INTO AREA (AREA_ID,AREA_NAME,AREA_DESC)
VALUES (3,'KwaZulu-Natal','');
INSERT INTO AREA (AREA_ID,AREA_NAME,AREA_DESC)
VALUES (4,'Westmorland','');
INSERT INTO AREA (AREA_ID,AREA_NAME,AREA_DESC)
VALUES (5,'Bicol Region','');
INSERT INTO AREA (AREA_ID,AREA_NAME,AREA_DESC)
VALUES (6,'Centre','');
INSERT INTO AREA (AREA_ID,AREA_NAME,AREA_DESC)
VALUES (7,'Zhytomyr oblast','');
INSERT INTO AREA (AREA_ID,AREA_NAME,AREA_DESC)
VALUES (8,'Jalisco','');
INSERT INTO AREA (AREA_ID,AREA_NAME,AREA_DESC)
VALUES (9,'Poitou-Charentes','');
INSERT INTO AREA (AREA_ID,AREA_NAME,AREA_DESC)
VALUES (10,'Gauteng','');
INSERT INTO AREA (AREA_ID,AREA_NAME,AREA_DESC)
VALUES (11,'Lower Austria','');
INSERT INTO AREA (AREA_ID,AREA_NAME,AREA_DESC)
VALUES (12,'Rajasthan','');
INSERT INTO AREA (AREA_ID,AREA_NAME,AREA_DESC)
VALUES (13,'Utrecht','');
INSERT INTO AREA (AREA_ID,AREA_NAME,AREA_DESC)
VALUES (14,'Kogi','');
INSERT INTO AREA (AREA_ID,AREA_NAME,AREA_DESC)
VALUES (15,'Loreto','');
INSERT INTO AREA (AREA_ID,AREA_NAME,AREA_DESC)
VALUES (16,'Rogaland','');
INSERT INTO AREA (AREA_ID,AREA_NAME,AREA_DESC)
VALUES (17,'Luxemburg','');
INSERT INTO AREA (AREA_ID,AREA_NAME,AREA_DESC)
VALUES (18,'North Sumatra','');
INSERT INTO AREA (AREA_ID,AREA_NAME,AREA_DESC)
VALUES (19,'Zakarpattia oblast','');
INSERT INTO AREA (AREA_ID,AREA_NAME,AREA_DESC)
VALUES (20,'North Sulawesi','');

-- CREATE SEQUENCE area_id_sq start with 1 increment by 1 minvalue 1 maxvalue 20 NOCACHE;

INSERT INTO SUPERVISOR (SV_ID,SV_FIRST,SV_LAST,SV_PHONE_NUM,AREA_AREA_ID)
VALUES (1,'Vance','Robertson','(621) 848-2652',8);
INSERT INTO SUPERVISOR (SV_ID,SV_FIRST,SV_LAST,SV_PHONE_NUM,AREA_AREA_ID)
VALUES (2,'Phoebe','Wilson','1-579-818-3794',6);
INSERT INTO SUPERVISOR (SV_ID,SV_FIRST,SV_LAST,SV_PHONE_NUM,AREA_AREA_ID)
VALUES (3,'Baker','Robles','(211) 894-5243',4);
INSERT INTO SUPERVISOR (SV_ID,SV_FIRST,SV_LAST,SV_PHONE_NUM,AREA_AREA_ID)
VALUES (4,'Shaeleigh','Dorsey','1-827-496-2484',14);
INSERT INTO SUPERVISOR (SV_ID,SV_FIRST,SV_LAST,SV_PHONE_NUM,AREA_AREA_ID)
VALUES (5,'Anthony','Gillespie','1-873-415-8665',10);
INSERT INTO SUPERVISOR (SV_ID,SV_FIRST,SV_LAST,SV_PHONE_NUM,AREA_AREA_ID)
VALUES (6,'Kimberley','Sandoval','(407) 790-8871',17);
INSERT INTO SUPERVISOR (SV_ID,SV_FIRST,SV_LAST,SV_PHONE_NUM,AREA_AREA_ID)
VALUES (7,'Anjolie','Mercer','(331) 804-4232',18);
INSERT INTO SUPERVISOR (SV_ID,SV_FIRST,SV_LAST,SV_PHONE_NUM,AREA_AREA_ID)
VALUES (8,'Camille','Barber','(445) 474-0275',19);
INSERT INTO SUPERVISOR (SV_ID,SV_FIRST,SV_LAST,SV_PHONE_NUM,AREA_AREA_ID)
VALUES (9,'Constance','Berger','1-878-200-9667',20);
INSERT INTO SUPERVISOR (SV_ID,SV_FIRST,SV_LAST,SV_PHONE_NUM,AREA_AREA_ID)
VALUES (10,'Brynn','Caldwell','(361) 618-3550',16);
INSERT INTO SUPERVISOR (SV_ID,SV_FIRST,SV_LAST,SV_PHONE_NUM,AREA_AREA_ID)
VALUES (11,'Mercedes','Hubbard','1-255-756-4667',15);
INSERT INTO SUPERVISOR (SV_ID,SV_FIRST,SV_LAST,SV_PHONE_NUM,AREA_AREA_ID)
VALUES (12,'Carly','Green','(334) 163-3867',9);
INSERT INTO SUPERVISOR (SV_ID,SV_FIRST,SV_LAST,SV_PHONE_NUM,AREA_AREA_ID)
VALUES (13,'Danielle','Ferguson','(329) 833-5725',13);
INSERT INTO SUPERVISOR (SV_ID,SV_FIRST,SV_LAST,SV_PHONE_NUM,AREA_AREA_ID)
VALUES (14,'Austin','Taylor','(386) 347-4768',12);
INSERT INTO SUPERVISOR (SV_ID,SV_FIRST,SV_LAST,SV_PHONE_NUM,AREA_AREA_ID)
VALUES (15,'Nathaniel','Hensley','(726) 636-9381',11);
INSERT INTO SUPERVISOR (SV_ID,SV_FIRST,SV_LAST,SV_PHONE_NUM,AREA_AREA_ID)
VALUES (16,'Gareth','Landry','1-764-463-3715',2);
INSERT INTO SUPERVISOR (SV_ID,SV_FIRST,SV_LAST,SV_PHONE_NUM,AREA_AREA_ID)
VALUES (17,'Garth','Barnett','(548) 997-5832',7);
INSERT INTO SUPERVISOR (SV_ID,SV_FIRST,SV_LAST,SV_PHONE_NUM,AREA_AREA_ID)
VALUES (18,'Xander','Campos','1-263-221-4550',1);
INSERT INTO SUPERVISOR (SV_ID,SV_FIRST,SV_LAST,SV_PHONE_NUM,AREA_AREA_ID)
VALUES (19,'Meredith','Talley','1-644-401-4721',3);
INSERT INTO SUPERVISOR (SV_ID,SV_FIRST,SV_LAST,SV_PHONE_NUM,AREA_AREA_ID)
VALUES (20,'Raphael','Reeves','(243) 836-2110',5);

-- Adds random area IDs to supervisors since we couldn't give them AREA_IDs until we actually created the areas
-- UPDATE SUPERVISOR SET AREA_ID = area_sv_sq.nextval WHERE AREA_ID IS NULL;


INSERT INTO LOCATION (LOC_ID,LOC_CITY,LOC_PHONE_NUM,LOC_ADDRESS,AREA_AREA_ID,VENDOR_V_ID)
VALUES (1,'San Jose','(366) 785-2547','P.O. Box 359, 9077 Arcu. St.',14,9);
INSERT INTO LOCATION (LOC_ID,LOC_CITY,LOC_PHONE_NUM,LOC_ADDRESS,AREA_AREA_ID,VENDOR_V_ID)
VALUES (2,'Baton Rouge','(765) 379-3582','3045 Nunc Road',18,9);
INSERT INTO LOCATION (LOC_ID,LOC_CITY,LOC_PHONE_NUM,LOC_ADDRESS,AREA_AREA_ID,VENDOR_V_ID)
VALUES (3,'Annapolis','1-229-854-6389','105-3732 Dictum Rd.',4,8);
INSERT INTO LOCATION (LOC_ID,LOC_CITY,LOC_PHONE_NUM,LOC_ADDRESS,AREA_AREA_ID,VENDOR_V_ID)
VALUES (4,'Seattle','1-757-927-8797','P.O. Box 437, 1687 Dui. Rd.',14,9);
INSERT INTO LOCATION (LOC_ID,LOC_CITY,LOC_PHONE_NUM,LOC_ADDRESS,AREA_AREA_ID,VENDOR_V_ID)
VALUES (5,'Bozeman','(784) 881-2114','P.O. Box 465, 852 Cursus St.',18,5);
INSERT INTO LOCATION (LOC_ID,LOC_CITY,LOC_PHONE_NUM,LOC_ADDRESS,AREA_AREA_ID,VENDOR_V_ID)
VALUES (6,'Green Bay','1-444-789-5629','Ap #456-7506 Malesuada. Av.',19,7);
INSERT INTO LOCATION (LOC_ID,LOC_CITY,LOC_PHONE_NUM,LOC_ADDRESS,AREA_AREA_ID,VENDOR_V_ID)
VALUES (7,'Phoenix','1-238-451-5150','P.O. Box 197, 2562 Orci, Rd.',12,8);
INSERT INTO LOCATION (LOC_ID,LOC_CITY,LOC_PHONE_NUM,LOC_ADDRESS,AREA_AREA_ID,VENDOR_V_ID)
VALUES (8,'Tulsa','1-385-854-9601','785-8726 Varius Rd.',9,6);
INSERT INTO LOCATION (LOC_ID,LOC_CITY,LOC_PHONE_NUM,LOC_ADDRESS,AREA_AREA_ID,VENDOR_V_ID)
VALUES (9,'Harrisburg','(807) 391-4352','860-1485 Aliquet Street',15,8);
INSERT INTO LOCATION (LOC_ID,LOC_CITY,LOC_PHONE_NUM,LOC_ADDRESS,AREA_AREA_ID,VENDOR_V_ID)
VALUES (10,'Jacksonville','1-378-235-9573','Ap #331-2223 In Avenue',7,3);
INSERT INTO LOCATION (LOC_ID,LOC_CITY,LOC_PHONE_NUM,LOC_ADDRESS,AREA_AREA_ID,VENDOR_V_ID)
VALUES (11,'Evansville','(286) 415-8545','Ap #129-2596 Diam Ave',3,4);
INSERT INTO LOCATION (LOC_ID,LOC_CITY,LOC_PHONE_NUM,LOC_ADDRESS,AREA_AREA_ID,VENDOR_V_ID)
VALUES (12,'Tulsa','1-578-448-1006','Ap #199-5171 Amet Rd.',17,7);
INSERT INTO LOCATION (LOC_ID,LOC_CITY,LOC_PHONE_NUM,LOC_ADDRESS,AREA_AREA_ID,VENDOR_V_ID)
VALUES (13,'Topeka','(695) 752-5784','Ap #988-9957 Phasellus Road',8,3);
INSERT INTO LOCATION (LOC_ID,LOC_CITY,LOC_PHONE_NUM,LOC_ADDRESS,AREA_AREA_ID,VENDOR_V_ID)
VALUES (14,'Georgia','1-632-658-5492','644-8452 Neque Av.',4,6);
INSERT INTO LOCATION (LOC_ID,LOC_CITY,LOC_PHONE_NUM,LOC_ADDRESS,AREA_AREA_ID,VENDOR_V_ID)
VALUES (15,'Newark','1-954-758-1861','P.O. Box 655, 802 Ipsum. St.',11,7);
INSERT INTO LOCATION (LOC_ID,LOC_CITY,LOC_PHONE_NUM,LOC_ADDRESS,AREA_AREA_ID,VENDOR_V_ID)
VALUES (16,'Dallas','(285) 162-3827','Ap #887-1375 Aliquam St.',14,3);
INSERT INTO LOCATION (LOC_ID,LOC_CITY,LOC_PHONE_NUM,LOC_ADDRESS,AREA_AREA_ID,VENDOR_V_ID)
VALUES (17,'Fort Smith','1-417-887-1827','Ap #941-8131 Aliquam Road',7,8);
INSERT INTO LOCATION (LOC_ID,LOC_CITY,LOC_PHONE_NUM,LOC_ADDRESS,AREA_AREA_ID,VENDOR_V_ID)
VALUES (18,'Naperville','(916) 488-7248','789-2475 Auctor Rd.',8,7);
INSERT INTO LOCATION (LOC_ID,LOC_CITY,LOC_PHONE_NUM,LOC_ADDRESS,AREA_AREA_ID,VENDOR_V_ID)
VALUES (19,'Olathe','(768) 341-3451','Ap #383-5468 Ligula Ave',15,9);
INSERT INTO LOCATION (LOC_ID,LOC_CITY,LOC_PHONE_NUM,LOC_ADDRESS,AREA_AREA_ID,VENDOR_V_ID)
VALUES (20,'Georgia','(362) 287-1860','571-3174 Donec St.',2,4);
INSERT INTO LOCATION (LOC_ID,LOC_CITY,LOC_PHONE_NUM,LOC_ADDRESS,AREA_AREA_ID,VENDOR_V_ID)
VALUES (21,'Cedar Rapids','1-611-387-8184','517-4327 Facilisis Road',18,2);
INSERT INTO LOCATION (LOC_ID,LOC_CITY,LOC_PHONE_NUM,LOC_ADDRESS,AREA_AREA_ID,VENDOR_V_ID)
VALUES (22,'Salem','(540) 623-1243','6570 Nisi. Ave',16,3);
INSERT INTO LOCATION (LOC_ID,LOC_CITY,LOC_PHONE_NUM,LOC_ADDRESS,AREA_AREA_ID,VENDOR_V_ID)
VALUES (23,'Madison','1-745-236-1673','Ap #530-3390 Habitant Road',6,6);
INSERT INTO LOCATION (LOC_ID,LOC_CITY,LOC_PHONE_NUM,LOC_ADDRESS,AREA_AREA_ID,VENDOR_V_ID)
VALUES (24,'Lewiston','(605) 398-4354','P.O. Box 342, 7372 Ut Street',16,9);
INSERT INTO LOCATION (LOC_ID,LOC_CITY,LOC_PHONE_NUM,LOC_ADDRESS,AREA_AREA_ID,VENDOR_V_ID)
VALUES (25,'Miami','1-224-395-9827','P.O. Box 607, 6151 Eu, Ave',12,7);
INSERT INTO LOCATION (LOC_ID,LOC_CITY,LOC_PHONE_NUM,LOC_ADDRESS,AREA_AREA_ID,VENDOR_V_ID)
VALUES (26,'Milwaukee','(364) 476-9365','Ap #901-3768 Vehicula. St.',17,6);
INSERT INTO LOCATION (LOC_ID,LOC_CITY,LOC_PHONE_NUM,LOC_ADDRESS,AREA_AREA_ID,VENDOR_V_ID)
VALUES (27,'Fort Smith','(693) 586-7442','Ap #105-6182 Risus, Road',6,3);
INSERT INTO LOCATION (LOC_ID,LOC_CITY,LOC_PHONE_NUM,LOC_ADDRESS,AREA_AREA_ID,VENDOR_V_ID)
VALUES (28,'Memphis','(448) 739-3365','P.O. Box 959, 5006 Lectus Road',14,9);
INSERT INTO LOCATION (LOC_ID,LOC_CITY,LOC_PHONE_NUM,LOC_ADDRESS,AREA_AREA_ID,VENDOR_V_ID)
VALUES (29,'Fort Collins','1-733-873-4522','P.O. Box 274, 8229 Sem. Avenue',9,9);
INSERT INTO LOCATION (LOC_ID,LOC_CITY,LOC_PHONE_NUM,LOC_ADDRESS,AREA_AREA_ID,VENDOR_V_ID)
VALUES (30,'Philadelphia','(749) 966-5182','Ap #320-2730 Sed Street',17,5);


INSERT INTO SURVEY (SURV_ID,SURV_RATING,SURV_VISIT_DATE,SURV_CUSTOMER_COMMENTS,SURV_CUSTOMER_NUM,LOCATION_LOC_ID)
VALUES (1,2,TO_DATE('06/07/2021', 'MM/DD/YYYY'),'cold food','(483) 911-3481',9);
INSERT INTO SURVEY (SURV_ID,SURV_RATING,SURV_VISIT_DATE,SURV_CUSTOMER_COMMENTS,SURV_CUSTOMER_NUM,LOCATION_LOC_ID)
VALUES (2,10,TO_DATE('01/30/2022', 'MM/DD/YYYY'),'great fries','(675) 547-4221',22);
INSERT INTO SURVEY (SURV_ID,SURV_RATING,SURV_VISIT_DATE,SURV_CUSTOMER_COMMENTS,SURV_CUSTOMER_NUM,LOCATION_LOC_ID)
VALUES (3,9,TO_DATE('10/28/2021', 'MM/DD/YYYY'),'amazing tacos','(813) 522-4211',4);
INSERT INTO SURVEY (SURV_ID,SURV_RATING,SURV_VISIT_DATE,SURV_CUSTOMER_COMMENTS,SURV_CUSTOMER_NUM,LOCATION_LOC_ID)
VALUES (4,2,TO_DATE('01/13/2022', 'MM/DD/YYYY'),'BAD AFTERTASTE!!!','(737) 353-3390',13);
INSERT INTO SURVEY (SURV_ID,SURV_RATING,SURV_VISIT_DATE,SURV_CUSTOMER_COMMENTS,SURV_CUSTOMER_NUM,LOCATION_LOC_ID)
VALUES (5,2,TO_DATE('10/31/2021', 'MM/DD/YYYY'),'tacos too crunchy','(346) 410-0332',19);
INSERT INTO SURVEY (SURV_ID,SURV_RATING,SURV_VISIT_DATE,SURV_CUSTOMER_COMMENTS,SURV_CUSTOMER_NUM,LOCATION_LOC_ID)
VALUES (6,2,TO_DATE('03/02/2022', 'MM/DD/YYYY'),'my kids hated the milkshakes','(933) 660-7531',29);
INSERT INTO SURVEY (SURV_ID,SURV_RATING,SURV_VISIT_DATE,SURV_CUSTOMER_COMMENTS,SURV_CUSTOMER_NUM,LOCATION_LOC_ID)
VALUES (7,6,TO_DATE('09/24/2021', 'MM/DD/YYYY'),'not bad burritos','(751) 574-7835',14);
INSERT INTO SURVEY (SURV_ID,SURV_RATING,SURV_VISIT_DATE,SURV_CUSTOMER_COMMENTS,SURV_CUSTOMER_NUM,LOCATION_LOC_ID)
VALUES (8,2,TO_DATE('06/27/2021', 'MM/DD/YYYY'),'no ice in my cola??? it''s 2022!!!','(862) 372-9434',3);
INSERT INTO SURVEY (SURV_ID,SURV_RATING,SURV_VISIT_DATE,SURV_CUSTOMER_COMMENTS,SURV_CUSTOMER_NUM,LOCATION_LOC_ID)
VALUES (9,10,TO_DATE('04/15/2021', 'MM/DD/YYYY'),'AMAZING WILL COME BACK FOR SURE!','(763) 577-8942',10);
INSERT INTO SURVEY (SURV_ID,SURV_RATING,SURV_VISIT_DATE,SURV_CUSTOMER_COMMENTS,SURV_CUSTOMER_NUM,LOCATION_LOC_ID)
VALUES (10,6,TO_DATE('04/07/2021', 'MM/DD/YYYY'),'meh','(495) 555-8767',6);
INSERT INTO SURVEY (SURV_ID,SURV_RATING,SURV_VISIT_DATE,SURV_CUSTOMER_COMMENTS,SURV_CUSTOMER_NUM,LOCATION_LOC_ID)
VALUES (11,2,TO_DATE('04/29/2021', 'MM/DD/YYYY'),'refund me','(587) 784-2355',12);
INSERT INTO SURVEY (SURV_ID,SURV_RATING,SURV_VISIT_DATE,SURV_CUSTOMER_COMMENTS,SURV_CUSTOMER_NUM,LOCATION_LOC_ID)
VALUES (12,6,TO_DATE('09/13/2021', 'MM/DD/YYYY'),'no one answers the phone, missing a taco. but still delicious','(165) 717-5631',6);
INSERT INTO SURVEY (SURV_ID,SURV_RATING,SURV_VISIT_DATE,SURV_CUSTOMER_COMMENTS,SURV_CUSTOMER_NUM,LOCATION_LOC_ID)
VALUES (13,2,TO_DATE('06/13/2021', 'MM/DD/YYYY'),'haven''t been yet. the interior design looks nice','(453) 224-4901',9);
INSERT INTO SURVEY (SURV_ID,SURV_RATING,SURV_VISIT_DATE,SURV_CUSTOMER_COMMENTS,SURV_CUSTOMER_NUM,LOCATION_LOC_ID)
VALUES (14,10,TO_DATE('12/21/2021', 'MM/DD/YYYY'),'Such an exquisite establishment, I must say.','(705) 630-1233',24);
INSERT INTO SURVEY (SURV_ID,SURV_RATING,SURV_VISIT_DATE,SURV_CUSTOMER_COMMENTS,SURV_CUSTOMER_NUM,LOCATION_LOC_ID)
VALUES (15,9,TO_DATE('03/02/2022', 'MM/DD/YYYY'),'The delight and pure euphoria that my children experienced from these tacos was unmatched','(756) 666-5155',12);
INSERT INTO SURVEY (SURV_ID,SURV_RATING,SURV_VISIT_DATE,SURV_CUSTOMER_COMMENTS,SURV_CUSTOMER_NUM,LOCATION_LOC_ID)
VALUES (16,2,TO_DATE('03/24/2022', 'MM/DD/YYYY'),'I liked the tacos but my stomach didn''t','(655) 910-0676',12);
INSERT INTO SURVEY (SURV_ID,SURV_RATING,SURV_VISIT_DATE,SURV_CUSTOMER_COMMENTS,SURV_CUSTOMER_NUM,LOCATION_LOC_ID)
VALUES (17,7,TO_DATE('06/22/2021', 'MM/DD/YYYY'),'it''s ok i guess','(425) 136-7824',5);
INSERT INTO SURVEY (SURV_ID,SURV_RATING,SURV_VISIT_DATE,SURV_CUSTOMER_COMMENTS,SURV_CUSTOMER_NUM,LOCATION_LOC_ID)
VALUES (18,2,TO_DATE('01/11/2022', 'MM/DD/YYYY'),'never coming back again','(429) 934-2746',6);

INSERT INTO RECORD (REC_ID,REC_DATE,REC_SALES,LOCATION_LOC_ID)
VALUES (1,TO_DATE('07/16/2021', 'MM/DD/YYYY'),11668,5);
INSERT INTO RECORD (REC_ID,REC_DATE,REC_SALES,LOCATION_LOC_ID)
VALUES (2,TO_DATE('02/03/2022', 'MM/DD/YYYY'),10388,25);
INSERT INTO RECORD (REC_ID,REC_DATE,REC_SALES,LOCATION_LOC_ID)
VALUES (3,TO_DATE('03/05/2023', 'MM/DD/YYYY'),12992,3);
INSERT INTO RECORD (REC_ID,REC_DATE,REC_SALES,LOCATION_LOC_ID)
VALUES (4,TO_DATE('05/10/2021', 'MM/DD/YYYY'),12735,19);
INSERT INTO RECORD (REC_ID,REC_DATE,REC_SALES,LOCATION_LOC_ID)
VALUES (5,TO_DATE('12/30/2022', 'MM/DD/YYYY'),9803,2);
INSERT INTO RECORD (REC_ID,REC_DATE,REC_SALES,LOCATION_LOC_ID)
VALUES (6,TO_DATE('03/03/2023', 'MM/DD/YYYY'),5446,7);
INSERT INTO RECORD (REC_ID,REC_DATE,REC_SALES,LOCATION_LOC_ID)
VALUES (7,TO_DATE('04/17/2021', 'MM/DD/YYYY'),8091,3);
INSERT INTO RECORD (REC_ID,REC_DATE,REC_SALES,LOCATION_LOC_ID)
VALUES (8,TO_DATE('09/07/2022', 'MM/DD/YYYY'),11909,7);
INSERT INTO RECORD (REC_ID,REC_DATE,REC_SALES,LOCATION_LOC_ID)
VALUES (9,TO_DATE('02/26/2022', 'MM/DD/YYYY'),8191,26);
INSERT INTO RECORD (REC_ID,REC_DATE,REC_SALES,LOCATION_LOC_ID)
VALUES (10,TO_DATE('04/16/2021', 'MM/DD/YYYY'),9727,19);
INSERT INTO RECORD (REC_ID,REC_DATE,REC_SALES,LOCATION_LOC_ID)
VALUES (11,TO_DATE('10/24/2022', 'MM/DD/YYYY'),12203,2);
INSERT INTO RECORD (REC_ID,REC_DATE,REC_SALES,LOCATION_LOC_ID)
VALUES (12,TO_DATE('10/25/2022', 'MM/DD/YYYY'),4879,23);
INSERT INTO RECORD (REC_ID,REC_DATE,REC_SALES,LOCATION_LOC_ID)
VALUES (13,TO_DATE('10/05/2021', 'MM/DD/YYYY'),10272,11);
INSERT INTO RECORD (REC_ID,REC_DATE,REC_SALES,LOCATION_LOC_ID)
VALUES (14,TO_DATE('05/10/2021', 'MM/DD/YYYY'),11880,28);
INSERT INTO RECORD (REC_ID,REC_DATE,REC_SALES,LOCATION_LOC_ID)
VALUES (15,TO_DATE('08/01/2022', 'MM/DD/YYYY'),6403,27);
INSERT INTO RECORD (REC_ID,REC_DATE,REC_SALES,LOCATION_LOC_ID)
VALUES (16,TO_DATE('08/14/2022', 'MM/DD/YYYY'),7920,13);
INSERT INTO RECORD (REC_ID,REC_DATE,REC_SALES,LOCATION_LOC_ID)
VALUES (17,TO_DATE('06/24/2021', 'MM/DD/YYYY'),13733,27);
INSERT INTO RECORD (REC_ID,REC_DATE,REC_SALES,LOCATION_LOC_ID)
VALUES (18,TO_DATE('04/29/2021', 'MM/DD/YYYY'),4703,6);
INSERT INTO RECORD (REC_ID,REC_DATE,REC_SALES,LOCATION_LOC_ID)
VALUES (19,TO_DATE('08/21/2021', 'MM/DD/YYYY'),10331,11);
INSERT INTO RECORD (REC_ID,REC_DATE,REC_SALES,LOCATION_LOC_ID)
VALUES (20,TO_DATE('02/04/2022', 'MM/DD/YYYY'),12351,15);
INSERT INTO RECORD (REC_ID,REC_DATE,REC_SALES,LOCATION_LOC_ID)
VALUES (21,TO_DATE('01/20/2022', 'MM/DD/YYYY'),12487,8);
INSERT INTO RECORD (REC_ID,REC_DATE,REC_SALES,LOCATION_LOC_ID)
VALUES (22,TO_DATE('12/30/2021', 'MM/DD/YYYY'),11625,23);
INSERT INTO RECORD (REC_ID,REC_DATE,REC_SALES,LOCATION_LOC_ID)
VALUES (23,TO_DATE('07/08/2021', 'MM/DD/YYYY'),11321,20);
INSERT INTO RECORD (REC_ID,REC_DATE,REC_SALES,LOCATION_LOC_ID)
VALUES (24,TO_DATE('09/01/2022', 'MM/DD/YYYY'),8277,15);
INSERT INTO RECORD (REC_ID,REC_DATE,REC_SALES,LOCATION_LOC_ID)
VALUES (25,TO_DATE('10/20/2022', 'MM/DD/YYYY'),8002,27);
INSERT INTO RECORD (REC_ID,REC_DATE,REC_SALES,LOCATION_LOC_ID)
VALUES (26,TO_DATE('02/24/2023', 'MM/DD/YYYY'),11463,23);
INSERT INTO RECORD (REC_ID,REC_DATE,REC_SALES,LOCATION_LOC_ID)
VALUES (27,TO_DATE('11/28/2022', 'MM/DD/YYYY'),9354,26);
INSERT INTO RECORD (REC_ID,REC_DATE,REC_SALES,LOCATION_LOC_ID)
VALUES (28,TO_DATE('12/10/2022', 'MM/DD/YYYY'),7318,11);
INSERT INTO RECORD (REC_ID,REC_DATE,REC_SALES,LOCATION_LOC_ID)
VALUES (29,TO_DATE('08/02/2022', 'MM/DD/YYYY'),7722,5);
INSERT INTO RECORD (REC_ID,REC_DATE,REC_SALES,LOCATION_LOC_ID)
VALUES (30,TO_DATE('01/12/2023', 'MM/DD/YYYY'),7416,9);
INSERT INTO RECORD (REC_ID,REC_DATE,REC_SALES,LOCATION_LOC_ID)
VALUES (31,TO_DATE('06/12/2022', 'MM/DD/YYYY'),13959,13);
INSERT INTO RECORD (REC_ID,REC_DATE,REC_SALES,LOCATION_LOC_ID)
VALUES (32,TO_DATE('06/23/2021', 'MM/DD/YYYY'),6817,20);
INSERT INTO RECORD (REC_ID,REC_DATE,REC_SALES,LOCATION_LOC_ID)
VALUES (33,TO_DATE('07/24/2021', 'MM/DD/YYYY'),7622,6);
INSERT INTO RECORD (REC_ID,REC_DATE,REC_SALES,LOCATION_LOC_ID)
VALUES (34,TO_DATE('11/15/2022', 'MM/DD/YYYY'),6991,6);
INSERT INTO RECORD (REC_ID,REC_DATE,REC_SALES,LOCATION_LOC_ID)
VALUES (35,TO_DATE('08/18/2021', 'MM/DD/YYYY'),13313,29);
INSERT INTO RECORD (REC_ID,REC_DATE,REC_SALES,LOCATION_LOC_ID)
VALUES (36,TO_DATE('06/21/2022', 'MM/DD/YYYY'),12125,11);
INSERT INTO RECORD (REC_ID,REC_DATE,REC_SALES,LOCATION_LOC_ID)
VALUES (37,TO_DATE('08/30/2022', 'MM/DD/YYYY'),8922,6);
INSERT INTO RECORD (REC_ID,REC_DATE,REC_SALES,LOCATION_LOC_ID)
VALUES (38,TO_DATE('09/28/2021', 'MM/DD/YYYY'),12125,13);
INSERT INTO RECORD (REC_ID,REC_DATE,REC_SALES,LOCATION_LOC_ID)
VALUES (39,TO_DATE('09/13/2022', 'MM/DD/YYYY'),9994,4);
INSERT INTO RECORD (REC_ID,REC_DATE,REC_SALES,LOCATION_LOC_ID)
VALUES (40,TO_DATE('04/14/2022', 'MM/DD/YYYY'),10984,19);
INSERT INTO RECORD (REC_ID,REC_DATE,REC_SALES,LOCATION_LOC_ID)
VALUES (41,TO_DATE('08/09/2022', 'MM/DD/YYYY'),10622,22);
INSERT INTO RECORD (REC_ID,REC_DATE,REC_SALES,LOCATION_LOC_ID)
VALUES (42,TO_DATE('08/12/2021', 'MM/DD/YYYY'),9320,17);
INSERT INTO RECORD (REC_ID,REC_DATE,REC_SALES,LOCATION_LOC_ID)
VALUES (43,TO_DATE('07/12/2022', 'MM/DD/YYYY'),11833,13);
INSERT INTO RECORD (REC_ID,REC_DATE,REC_SALES,LOCATION_LOC_ID)
VALUES (44,TO_DATE('01/03/2023', 'MM/DD/YYYY'),11084,16);
INSERT INTO RECORD (REC_ID,REC_DATE,REC_SALES,LOCATION_LOC_ID)
VALUES (45,TO_DATE('04/12/2021', 'MM/DD/YYYY'),12721,9);
INSERT INTO RECORD (REC_ID,REC_DATE,REC_SALES,LOCATION_LOC_ID)
VALUES (46,TO_DATE('09/14/2021', 'MM/DD/YYYY'),10955,21);
INSERT INTO RECORD (REC_ID,REC_DATE,REC_SALES,LOCATION_LOC_ID)
VALUES (47,TO_DATE('12/20/2022', 'MM/DD/YYYY'),11555,9);
INSERT INTO RECORD (REC_ID,REC_DATE,REC_SALES,LOCATION_LOC_ID)
VALUES (48,TO_DATE('05/11/2021', 'MM/DD/YYYY'),4573,13);
INSERT INTO RECORD (REC_ID,REC_DATE,REC_SALES,LOCATION_LOC_ID)
VALUES (49,TO_DATE('05/02/2022', 'MM/DD/YYYY'),5646,6);
INSERT INTO RECORD (REC_ID,REC_DATE,REC_SALES,LOCATION_LOC_ID)
VALUES (50,TO_DATE('10/12/2022', 'MM/DD/YYYY'),9463,3);
INSERT INTO RECORD (REC_ID,REC_DATE,REC_SALES,LOCATION_LOC_ID)
VALUES (51,TO_DATE('01/23/2023', 'MM/DD/YYYY'),13784,18);
INSERT INTO RECORD (REC_ID,REC_DATE,REC_SALES,LOCATION_LOC_ID)
VALUES (52,TO_DATE('09/23/2022', 'MM/DD/YYYY'),10038,28);
INSERT INTO RECORD (REC_ID,REC_DATE,REC_SALES,LOCATION_LOC_ID)
VALUES (53,TO_DATE('04/06/2023', 'MM/DD/YYYY'),8646,29);
INSERT INTO RECORD (REC_ID,REC_DATE,REC_SALES,LOCATION_LOC_ID)
VALUES (54,TO_DATE('09/10/2022', 'MM/DD/YYYY'),10109,11);
INSERT INTO RECORD (REC_ID,REC_DATE,REC_SALES,LOCATION_LOC_ID)
VALUES (55,TO_DATE('03/21/2023', 'MM/DD/YYYY'),4638,11);
INSERT INTO RECORD (REC_ID,REC_DATE,REC_SALES,LOCATION_LOC_ID)
VALUES (56,TO_DATE('04/05/2022', 'MM/DD/YYYY'),5517,6);
INSERT INTO RECORD (REC_ID,REC_DATE,REC_SALES,LOCATION_LOC_ID)
VALUES (57,TO_DATE('12/09/2022', 'MM/DD/YYYY'),10658,11);
INSERT INTO RECORD (REC_ID,REC_DATE,REC_SALES,LOCATION_LOC_ID)
VALUES (58,TO_DATE('03/09/2022', 'MM/DD/YYYY'),7292,2);
INSERT INTO RECORD (REC_ID,REC_DATE,REC_SALES,LOCATION_LOC_ID)
VALUES (59,TO_DATE('11/07/2022', 'MM/DD/YYYY'),11621,7);
INSERT INTO RECORD (REC_ID,REC_DATE,REC_SALES,LOCATION_LOC_ID)
VALUES (60,TO_DATE('05/16/2022', 'MM/DD/YYYY'),5001,2);
INSERT INTO RECORD (REC_ID,REC_DATE,REC_SALES,LOCATION_LOC_ID)
VALUES (61,TO_DATE('09/03/2022', 'MM/DD/YYYY'),11454,20);
INSERT INTO RECORD (REC_ID,REC_DATE,REC_SALES,LOCATION_LOC_ID)
VALUES (62,TO_DATE('01/08/2022', 'MM/DD/YYYY'),6469,15);
INSERT INTO RECORD (REC_ID,REC_DATE,REC_SALES,LOCATION_LOC_ID)
VALUES (63,TO_DATE('03/30/2022', 'MM/DD/YYYY'),11928,25);
INSERT INTO RECORD (REC_ID,REC_DATE,REC_SALES,LOCATION_LOC_ID)
VALUES (64,TO_DATE('11/19/2021', 'MM/DD/YYYY'),8479,20);
INSERT INTO RECORD (REC_ID,REC_DATE,REC_SALES,LOCATION_LOC_ID)
VALUES (65,TO_DATE('02/26/2023', 'MM/DD/YYYY'),12268,17);
INSERT INTO RECORD (REC_ID,REC_DATE,REC_SALES,LOCATION_LOC_ID)
VALUES (66,TO_DATE('11/26/2021', 'MM/DD/YYYY'),5008,24);
INSERT INTO RECORD (REC_ID,REC_DATE,REC_SALES,LOCATION_LOC_ID)
VALUES (67,TO_DATE('02/13/2022', 'MM/DD/YYYY'),10965,10);
INSERT INTO RECORD (REC_ID,REC_DATE,REC_SALES,LOCATION_LOC_ID)
VALUES (68,TO_DATE('09/03/2021', 'MM/DD/YYYY'),13361,18);
INSERT INTO RECORD (REC_ID,REC_DATE,REC_SALES,LOCATION_LOC_ID)
VALUES (69,TO_DATE('09/20/2021', 'MM/DD/YYYY'),8602,5);
INSERT INTO RECORD (REC_ID,REC_DATE,REC_SALES,LOCATION_LOC_ID)
VALUES (70,TO_DATE('02/26/2022', 'MM/DD/YYYY'),8252,6);
INSERT INTO RECORD (REC_ID,REC_DATE,REC_SALES,LOCATION_LOC_ID)
VALUES (71,TO_DATE('12/22/2021', 'MM/DD/YYYY'),10074,24);
INSERT INTO RECORD (REC_ID,REC_DATE,REC_SALES,LOCATION_LOC_ID)
VALUES (72,TO_DATE('03/31/2023', 'MM/DD/YYYY'),9040,1);
INSERT INTO RECORD (REC_ID,REC_DATE,REC_SALES,LOCATION_LOC_ID)
VALUES (73,TO_DATE('07/16/2022', 'MM/DD/YYYY'),9276,13);
INSERT INTO RECORD (REC_ID,REC_DATE,REC_SALES,LOCATION_LOC_ID)
VALUES (74,TO_DATE('03/17/2023', 'MM/DD/YYYY'),9378,18);
INSERT INTO RECORD (REC_ID,REC_DATE,REC_SALES,LOCATION_LOC_ID)
VALUES (75,TO_DATE('08/02/2021', 'MM/DD/YYYY'),5374,20);
INSERT INTO RECORD (REC_ID,REC_DATE,REC_SALES,LOCATION_LOC_ID)
VALUES (76,TO_DATE('11/24/2021', 'MM/DD/YYYY'),12700,7);
INSERT INTO RECORD (REC_ID,REC_DATE,REC_SALES,LOCATION_LOC_ID)
VALUES (77,TO_DATE('04/15/2022', 'MM/DD/YYYY'),10302,16);
INSERT INTO RECORD (REC_ID,REC_DATE,REC_SALES,LOCATION_LOC_ID)
VALUES (78,TO_DATE('11/11/2022', 'MM/DD/YYYY'),4822,12);
INSERT INTO RECORD (REC_ID,REC_DATE,REC_SALES,LOCATION_LOC_ID)
VALUES (79,TO_DATE('08/15/2021', 'MM/DD/YYYY'),9572,3);
INSERT INTO RECORD (REC_ID,REC_DATE,REC_SALES,LOCATION_LOC_ID)
VALUES (80,TO_DATE('04/30/2021', 'MM/DD/YYYY'),5231,18);
INSERT INTO RECORD (REC_ID,REC_DATE,REC_SALES,LOCATION_LOC_ID)
VALUES (81,TO_DATE('03/18/2022', 'MM/DD/YYYY'),12424,28);
INSERT INTO RECORD (REC_ID,REC_DATE,REC_SALES,LOCATION_LOC_ID)
VALUES (82,TO_DATE('04/06/2023', 'MM/DD/YYYY'),7383,15);
INSERT INTO RECORD (REC_ID,REC_DATE,REC_SALES,LOCATION_LOC_ID)
VALUES (83,TO_DATE('06/11/2022', 'MM/DD/YYYY'),4843,7);
INSERT INTO RECORD (REC_ID,REC_DATE,REC_SALES,LOCATION_LOC_ID)
VALUES (84,TO_DATE('08/23/2021', 'MM/DD/YYYY'),9355,22);
INSERT INTO RECORD (REC_ID,REC_DATE,REC_SALES,LOCATION_LOC_ID)
VALUES (85,TO_DATE('01/20/2022', 'MM/DD/YYYY'),7321,13);
INSERT INTO RECORD (REC_ID,REC_DATE,REC_SALES,LOCATION_LOC_ID)
VALUES (86,TO_DATE('07/29/2022', 'MM/DD/YYYY'),6772,3);
INSERT INTO RECORD (REC_ID,REC_DATE,REC_SALES,LOCATION_LOC_ID)
VALUES (87,TO_DATE('01/04/2023', 'MM/DD/YYYY'),12351,28);
INSERT INTO RECORD (REC_ID,REC_DATE,REC_SALES,LOCATION_LOC_ID)
VALUES (88,TO_DATE('01/10/2023', 'MM/DD/YYYY'),8062,1);
INSERT INTO RECORD (REC_ID,REC_DATE,REC_SALES,LOCATION_LOC_ID)
VALUES (89,TO_DATE('08/01/2022', 'MM/DD/YYYY'),5966,11);
INSERT INTO RECORD (REC_ID,REC_DATE,REC_SALES,LOCATION_LOC_ID)
VALUES (90,TO_DATE('11/07/2021', 'MM/DD/YYYY'),5729,18);
INSERT INTO RECORD (REC_ID,REC_DATE,REC_SALES,LOCATION_LOC_ID)
VALUES (91,TO_DATE('09/19/2021', 'MM/DD/YYYY'),8013,10);
INSERT INTO RECORD (REC_ID,REC_DATE,REC_SALES,LOCATION_LOC_ID)
VALUES (92,TO_DATE('04/15/2021', 'MM/DD/YYYY'),13309,18);
INSERT INTO RECORD (REC_ID,REC_DATE,REC_SALES,LOCATION_LOC_ID)
VALUES (93,TO_DATE('06/17/2022', 'MM/DD/YYYY'),4573,8);
INSERT INTO RECORD (REC_ID,REC_DATE,REC_SALES,LOCATION_LOC_ID)
VALUES (94,TO_DATE('05/19/2021', 'MM/DD/YYYY'),5344,13);
INSERT INTO RECORD (REC_ID,REC_DATE,REC_SALES,LOCATION_LOC_ID)
VALUES (95,TO_DATE('10/07/2021', 'MM/DD/YYYY'),12505,13);
INSERT INTO RECORD (REC_ID,REC_DATE,REC_SALES,LOCATION_LOC_ID)
VALUES (96,TO_DATE('10/29/2021', 'MM/DD/YYYY'),5733,16);
INSERT INTO RECORD (REC_ID,REC_DATE,REC_SALES,LOCATION_LOC_ID)
VALUES (97,TO_DATE('08/15/2021', 'MM/DD/YYYY'),5873,20);
INSERT INTO RECORD (REC_ID,REC_DATE,REC_SALES,LOCATION_LOC_ID)
VALUES (98,TO_DATE('10/21/2022', 'MM/DD/YYYY'),5230,13);
INSERT INTO RECORD (REC_ID,REC_DATE,REC_SALES,LOCATION_LOC_ID)
VALUES (99,TO_DATE('10/16/2021', 'MM/DD/YYYY'),10293,2);
INSERT INTO RECORD (REC_ID,REC_DATE,REC_SALES,LOCATION_LOC_ID)
VALUES (100,TO_DATE('09/04/2022', 'MM/DD/YYYY'),11485,16);
INSERT INTO RECORD (REC_ID,REC_DATE,REC_SALES,LOCATION_LOC_ID)
VALUES (101,TO_DATE('03/31/2023', 'MM/DD/YYYY'),10356,26);
INSERT INTO RECORD (REC_ID,REC_DATE,REC_SALES,LOCATION_LOC_ID)
VALUES (102,TO_DATE('10/03/2021', 'MM/DD/YYYY'),5003,22);
INSERT INTO RECORD (REC_ID,REC_DATE,REC_SALES,LOCATION_LOC_ID)
VALUES (103,TO_DATE('02/16/2023', 'MM/DD/YYYY'),7943,21);
INSERT INTO RECORD (REC_ID,REC_DATE,REC_SALES,LOCATION_LOC_ID)
VALUES (104,TO_DATE('08/23/2022', 'MM/DD/YYYY'),12538,24);
INSERT INTO RECORD (REC_ID,REC_DATE,REC_SALES,LOCATION_LOC_ID)
VALUES (105,TO_DATE('07/18/2022', 'MM/DD/YYYY'),6002,13);
INSERT INTO RECORD (REC_ID,REC_DATE,REC_SALES,LOCATION_LOC_ID)
VALUES (106,TO_DATE('12/23/2021', 'MM/DD/YYYY'),6169,7);
INSERT INTO RECORD (REC_ID,REC_DATE,REC_SALES,LOCATION_LOC_ID)
VALUES (107,TO_DATE('07/14/2022', 'MM/DD/YYYY'),5057,17);
INSERT INTO RECORD (REC_ID,REC_DATE,REC_SALES,LOCATION_LOC_ID)
VALUES (108,TO_DATE('08/02/2021', 'MM/DD/YYYY'),6241,8);
INSERT INTO RECORD (REC_ID,REC_DATE,REC_SALES,LOCATION_LOC_ID)
VALUES (109,TO_DATE('08/30/2021', 'MM/DD/YYYY'),6644,28);
INSERT INTO RECORD (REC_ID,REC_DATE,REC_SALES,LOCATION_LOC_ID)
VALUES (110,TO_DATE('03/05/2022', 'MM/DD/YYYY'),10828,20);
INSERT INTO RECORD (REC_ID,REC_DATE,REC_SALES,LOCATION_LOC_ID)
VALUES (111,TO_DATE('09/25/2021', 'MM/DD/YYYY'),13565,27);
INSERT INTO RECORD (REC_ID,REC_DATE,REC_SALES,LOCATION_LOC_ID)
VALUES (112,TO_DATE('10/15/2021', 'MM/DD/YYYY'),11084,22);
INSERT INTO RECORD (REC_ID,REC_DATE,REC_SALES,LOCATION_LOC_ID)
VALUES (113,TO_DATE('11/22/2022', 'MM/DD/YYYY'),8542,13);
INSERT INTO RECORD (REC_ID,REC_DATE,REC_SALES,LOCATION_LOC_ID)
VALUES (114,TO_DATE('05/08/2021', 'MM/DD/YYYY'),4951,26);
INSERT INTO RECORD (REC_ID,REC_DATE,REC_SALES,LOCATION_LOC_ID)
VALUES (115,TO_DATE('10/09/2021', 'MM/DD/YYYY'),12759,18);
INSERT INTO RECORD (REC_ID,REC_DATE,REC_SALES,LOCATION_LOC_ID)
VALUES (116,TO_DATE('03/09/2022', 'MM/DD/YYYY'),7847,25);
INSERT INTO RECORD (REC_ID,REC_DATE,REC_SALES,LOCATION_LOC_ID)
VALUES (117,TO_DATE('09/24/2021', 'MM/DD/YYYY'),8709,12);
INSERT INTO RECORD (REC_ID,REC_DATE,REC_SALES,LOCATION_LOC_ID)
VALUES (118,TO_DATE('06/01/2022', 'MM/DD/YYYY'),10534,12);
INSERT INTO RECORD (REC_ID,REC_DATE,REC_SALES,LOCATION_LOC_ID)
VALUES (119,TO_DATE('02/11/2023', 'MM/DD/YYYY'),13397,21);
INSERT INTO RECORD (REC_ID,REC_DATE,REC_SALES,LOCATION_LOC_ID)
VALUES (120,TO_DATE('01/24/2022', 'MM/DD/YYYY'),13103,21);
INSERT INTO RECORD (REC_ID,REC_DATE,REC_SALES,LOCATION_LOC_ID)
VALUES (121,TO_DATE('04/02/2023', 'MM/DD/YYYY'),7243,17);
INSERT INTO RECORD (REC_ID,REC_DATE,REC_SALES,LOCATION_LOC_ID)
VALUES (122,TO_DATE('03/14/2023', 'MM/DD/YYYY'),11439,7);
INSERT INTO RECORD (REC_ID,REC_DATE,REC_SALES,LOCATION_LOC_ID)
VALUES (123,TO_DATE('04/02/2022', 'MM/DD/YYYY'),13708,12);
INSERT INTO RECORD (REC_ID,REC_DATE,REC_SALES,LOCATION_LOC_ID)
VALUES (124,TO_DATE('02/14/2023', 'MM/DD/YYYY'),8619,25);
INSERT INTO RECORD (REC_ID,REC_DATE,REC_SALES,LOCATION_LOC_ID)
VALUES (125,TO_DATE('11/19/2021', 'MM/DD/YYYY'),11455,19);
INSERT INTO RECORD (REC_ID,REC_DATE,REC_SALES,LOCATION_LOC_ID)
VALUES (126,TO_DATE('09/13/2022', 'MM/DD/YYYY'),9702,22);
INSERT INTO RECORD (REC_ID,REC_DATE,REC_SALES,LOCATION_LOC_ID)
VALUES (127,TO_DATE('03/27/2023', 'MM/DD/YYYY'),11703,24);
INSERT INTO RECORD (REC_ID,REC_DATE,REC_SALES,LOCATION_LOC_ID)
VALUES (128,TO_DATE('07/23/2021', 'MM/DD/YYYY'),11853,13);
INSERT INTO RECORD (REC_ID,REC_DATE,REC_SALES,LOCATION_LOC_ID)
VALUES (129,TO_DATE('12/29/2021', 'MM/DD/YYYY'),12688,5);
INSERT INTO RECORD (REC_ID,REC_DATE,REC_SALES,LOCATION_LOC_ID)
VALUES (130,TO_DATE('01/02/2023', 'MM/DD/YYYY'),4923,28);
INSERT INTO RECORD (REC_ID,REC_DATE,REC_SALES,LOCATION_LOC_ID)
VALUES (131,TO_DATE('03/20/2022', 'MM/DD/YYYY'),8027,20);
INSERT INTO RECORD (REC_ID,REC_DATE,REC_SALES,LOCATION_LOC_ID)
VALUES (132,TO_DATE('08/01/2022', 'MM/DD/YYYY'),5625,19);
INSERT INTO RECORD (REC_ID,REC_DATE,REC_SALES,LOCATION_LOC_ID)
VALUES (133,TO_DATE('05/04/2022', 'MM/DD/YYYY'),12820,26);
INSERT INTO RECORD (REC_ID,REC_DATE,REC_SALES,LOCATION_LOC_ID)
VALUES (134,TO_DATE('09/27/2021', 'MM/DD/YYYY'),13642,3);
INSERT INTO RECORD (REC_ID,REC_DATE,REC_SALES,LOCATION_LOC_ID)
VALUES (135,TO_DATE('10/03/2021', 'MM/DD/YYYY'),9091,4);
INSERT INTO RECORD (REC_ID,REC_DATE,REC_SALES,LOCATION_LOC_ID)
VALUES (136,TO_DATE('10/22/2021', 'MM/DD/YYYY'),5617,20);
INSERT INTO RECORD (REC_ID,REC_DATE,REC_SALES,LOCATION_LOC_ID)
VALUES (137,TO_DATE('02/24/2022', 'MM/DD/YYYY'),10714,10);
INSERT INTO RECORD (REC_ID,REC_DATE,REC_SALES,LOCATION_LOC_ID)
VALUES (138,TO_DATE('09/09/2021', 'MM/DD/YYYY'),8385,14);
INSERT INTO RECORD (REC_ID,REC_DATE,REC_SALES,LOCATION_LOC_ID)
VALUES (139,TO_DATE('10/10/2022', 'MM/DD/YYYY'),7074,23);
INSERT INTO RECORD (REC_ID,REC_DATE,REC_SALES,LOCATION_LOC_ID)
VALUES (140,TO_DATE('03/31/2023', 'MM/DD/YYYY'),9128,8);
INSERT INTO RECORD (REC_ID,REC_DATE,REC_SALES,LOCATION_LOC_ID)
VALUES (141,TO_DATE('02/10/2022', 'MM/DD/YYYY'),7371,23);
INSERT INTO RECORD (REC_ID,REC_DATE,REC_SALES,LOCATION_LOC_ID)
VALUES (142,TO_DATE('10/29/2022', 'MM/DD/YYYY'),5469,19);
INSERT INTO RECORD (REC_ID,REC_DATE,REC_SALES,LOCATION_LOC_ID)
VALUES (143,TO_DATE('06/13/2022', 'MM/DD/YYYY'),12149,15);
INSERT INTO RECORD (REC_ID,REC_DATE,REC_SALES,LOCATION_LOC_ID)
VALUES (144,TO_DATE('03/22/2023', 'MM/DD/YYYY'),8250,15);
INSERT INTO RECORD (REC_ID,REC_DATE,REC_SALES,LOCATION_LOC_ID)
VALUES (145,TO_DATE('05/05/2022', 'MM/DD/YYYY'),10417,11);
INSERT INTO RECORD (REC_ID,REC_DATE,REC_SALES,LOCATION_LOC_ID)
VALUES (146,TO_DATE('04/04/2023', 'MM/DD/YYYY'),13279,20);
INSERT INTO RECORD (REC_ID,REC_DATE,REC_SALES,LOCATION_LOC_ID)
VALUES (147,TO_DATE('09/25/2022', 'MM/DD/YYYY'),13335,13);
INSERT INTO RECORD (REC_ID,REC_DATE,REC_SALES,LOCATION_LOC_ID)
VALUES (148,TO_DATE('07/09/2022', 'MM/DD/YYYY'),10836,9);
INSERT INTO RECORD (REC_ID,REC_DATE,REC_SALES,LOCATION_LOC_ID)
VALUES (149,TO_DATE('02/04/2023', 'MM/DD/YYYY'),7626,9);
INSERT INTO RECORD (REC_ID,REC_DATE,REC_SALES,LOCATION_LOC_ID)
VALUES (150,TO_DATE('09/17/2022', 'MM/DD/YYYY'),11416,4);
INSERT INTO RECORD (REC_ID,REC_DATE,REC_SALES,LOCATION_LOC_ID)
VALUES (151,TO_DATE('12/13/2022', 'MM/DD/YYYY'),12634,16);
INSERT INTO RECORD (REC_ID,REC_DATE,REC_SALES,LOCATION_LOC_ID)
VALUES (152,TO_DATE('08/27/2021', 'MM/DD/YYYY'),11535,27);
INSERT INTO RECORD (REC_ID,REC_DATE,REC_SALES,LOCATION_LOC_ID)
VALUES (153,TO_DATE('04/16/2021', 'MM/DD/YYYY'),12081,20);
INSERT INTO RECORD (REC_ID,REC_DATE,REC_SALES,LOCATION_LOC_ID)
VALUES (154,TO_DATE('09/04/2022', 'MM/DD/YYYY'),8825,21);
INSERT INTO RECORD (REC_ID,REC_DATE,REC_SALES,LOCATION_LOC_ID)
VALUES (155,TO_DATE('01/07/2023', 'MM/DD/YYYY'),6997,21);
INSERT INTO RECORD (REC_ID,REC_DATE,REC_SALES,LOCATION_LOC_ID)
VALUES (156,TO_DATE('06/09/2021', 'MM/DD/YYYY'),7800,20);
INSERT INTO RECORD (REC_ID,REC_DATE,REC_SALES,LOCATION_LOC_ID)
VALUES (157,TO_DATE('09/14/2022', 'MM/DD/YYYY'),7224,7);
INSERT INTO RECORD (REC_ID,REC_DATE,REC_SALES,LOCATION_LOC_ID)
VALUES (158,TO_DATE('02/03/2022', 'MM/DD/YYYY'),10252,1);
INSERT INTO RECORD (REC_ID,REC_DATE,REC_SALES,LOCATION_LOC_ID)
VALUES (159,TO_DATE('04/23/2021', 'MM/DD/YYYY'),5235,26);
INSERT INTO RECORD (REC_ID,REC_DATE,REC_SALES,LOCATION_LOC_ID)
VALUES (160,TO_DATE('05/09/2021', 'MM/DD/YYYY'),13754,6);
INSERT INTO RECORD (REC_ID,REC_DATE,REC_SALES,LOCATION_LOC_ID)
VALUES (161,TO_DATE('09/18/2021', 'MM/DD/YYYY'),10259,29);
INSERT INTO RECORD (REC_ID,REC_DATE,REC_SALES,LOCATION_LOC_ID)
VALUES (162,TO_DATE('10/26/2022', 'MM/DD/YYYY'),10867,16);
INSERT INTO RECORD (REC_ID,REC_DATE,REC_SALES,LOCATION_LOC_ID)
VALUES (163,TO_DATE('02/04/2022', 'MM/DD/YYYY'),12638,20);
INSERT INTO RECORD (REC_ID,REC_DATE,REC_SALES,LOCATION_LOC_ID)
VALUES (164,TO_DATE('09/26/2022', 'MM/DD/YYYY'),10058,11);
INSERT INTO RECORD (REC_ID,REC_DATE,REC_SALES,LOCATION_LOC_ID)
VALUES (165,TO_DATE('04/26/2022', 'MM/DD/YYYY'),7160,17);
INSERT INTO RECORD (REC_ID,REC_DATE,REC_SALES,LOCATION_LOC_ID)
VALUES (166,TO_DATE('08/12/2021', 'MM/DD/YYYY'),10697,24);
INSERT INTO RECORD (REC_ID,REC_DATE,REC_SALES,LOCATION_LOC_ID)
VALUES (167,TO_DATE('05/06/2021', 'MM/DD/YYYY'),8022,9);
INSERT INTO RECORD (REC_ID,REC_DATE,REC_SALES,LOCATION_LOC_ID)
VALUES (168,TO_DATE('09/20/2022', 'MM/DD/YYYY'),12253,23);
INSERT INTO RECORD (REC_ID,REC_DATE,REC_SALES,LOCATION_LOC_ID)
VALUES (169,TO_DATE('09/09/2021', 'MM/DD/YYYY'),13510,5);
INSERT INTO RECORD (REC_ID,REC_DATE,REC_SALES,LOCATION_LOC_ID)
VALUES (170,TO_DATE('01/26/2022', 'MM/DD/YYYY'),6559,8);
INSERT INTO RECORD (REC_ID,REC_DATE,REC_SALES,LOCATION_LOC_ID)
VALUES (171,TO_DATE('02/03/2022', 'MM/DD/YYYY'),13294,22);
INSERT INTO RECORD (REC_ID,REC_DATE,REC_SALES,LOCATION_LOC_ID)
VALUES (172,TO_DATE('10/28/2022', 'MM/DD/YYYY'),9750,6);
INSERT INTO RECORD (REC_ID,REC_DATE,REC_SALES,LOCATION_LOC_ID)
VALUES (173,TO_DATE('02/13/2022', 'MM/DD/YYYY'),6827,27);
INSERT INTO RECORD (REC_ID,REC_DATE,REC_SALES,LOCATION_LOC_ID)
VALUES (174,TO_DATE('09/29/2021', 'MM/DD/YYYY'),5431,3);
INSERT INTO RECORD (REC_ID,REC_DATE,REC_SALES,LOCATION_LOC_ID)
VALUES (175,TO_DATE('07/18/2021', 'MM/DD/YYYY'),12945,16);
INSERT INTO RECORD (REC_ID,REC_DATE,REC_SALES,LOCATION_LOC_ID)
VALUES (176,TO_DATE('04/16/2022', 'MM/DD/YYYY'),9964,24);
INSERT INTO RECORD (REC_ID,REC_DATE,REC_SALES,LOCATION_LOC_ID)
VALUES (177,TO_DATE('07/16/2021', 'MM/DD/YYYY'),5050,12);
INSERT INTO RECORD (REC_ID,REC_DATE,REC_SALES,LOCATION_LOC_ID)
VALUES (178,TO_DATE('08/18/2022', 'MM/DD/YYYY'),13495,3);
INSERT INTO RECORD (REC_ID,REC_DATE,REC_SALES,LOCATION_LOC_ID)
VALUES (179,TO_DATE('06/21/2021', 'MM/DD/YYYY'),9864,12);
INSERT INTO RECORD (REC_ID,REC_DATE,REC_SALES,LOCATION_LOC_ID)
VALUES (180,TO_DATE('04/01/2023', 'MM/DD/YYYY'),12460,24);
INSERT INTO RECORD (REC_ID,REC_DATE,REC_SALES,LOCATION_LOC_ID)
VALUES (181,TO_DATE('10/17/2022', 'MM/DD/YYYY'),7459,23);
INSERT INTO RECORD (REC_ID,REC_DATE,REC_SALES,LOCATION_LOC_ID)
VALUES (182,TO_DATE('10/19/2021', 'MM/DD/YYYY'),7924,11);
INSERT INTO RECORD (REC_ID,REC_DATE,REC_SALES,LOCATION_LOC_ID)
VALUES (183,TO_DATE('02/12/2022', 'MM/DD/YYYY'),6633,20);
INSERT INTO RECORD (REC_ID,REC_DATE,REC_SALES,LOCATION_LOC_ID)
VALUES (184,TO_DATE('08/10/2021', 'MM/DD/YYYY'),8402,9);
INSERT INTO RECORD (REC_ID,REC_DATE,REC_SALES,LOCATION_LOC_ID)
VALUES (185,TO_DATE('08/02/2022', 'MM/DD/YYYY'),9490,22);
INSERT INTO RECORD (REC_ID,REC_DATE,REC_SALES,LOCATION_LOC_ID)
VALUES (186,TO_DATE('01/01/2023', 'MM/DD/YYYY'),11546,3);
INSERT INTO RECORD (REC_ID,REC_DATE,REC_SALES,LOCATION_LOC_ID)
VALUES (187,TO_DATE('07/11/2022', 'MM/DD/YYYY'),5934,27);
INSERT INTO RECORD (REC_ID,REC_DATE,REC_SALES,LOCATION_LOC_ID)
VALUES (188,TO_DATE('07/16/2021', 'MM/DD/YYYY'),8505,21);
INSERT INTO RECORD (REC_ID,REC_DATE,REC_SALES,LOCATION_LOC_ID)
VALUES (189,TO_DATE('03/29/2022', 'MM/DD/YYYY'),11557,8);
INSERT INTO RECORD (REC_ID,REC_DATE,REC_SALES,LOCATION_LOC_ID)
VALUES (190,TO_DATE('04/20/2021', 'MM/DD/YYYY'),6101,14);
INSERT INTO RECORD (REC_ID,REC_DATE,REC_SALES,LOCATION_LOC_ID)
VALUES (191,TO_DATE('01/08/2022', 'MM/DD/YYYY'),13207,5);
INSERT INTO RECORD (REC_ID,REC_DATE,REC_SALES,LOCATION_LOC_ID)
VALUES (192,TO_DATE('08/31/2022', 'MM/DD/YYYY'),11950,26);
INSERT INTO RECORD (REC_ID,REC_DATE,REC_SALES,LOCATION_LOC_ID)
VALUES (193,TO_DATE('02/19/2023', 'MM/DD/YYYY'),12253,5);
INSERT INTO RECORD (REC_ID,REC_DATE,REC_SALES,LOCATION_LOC_ID)
VALUES (194,TO_DATE('02/23/2023', 'MM/DD/YYYY'),8795,5);
INSERT INTO RECORD (REC_ID,REC_DATE,REC_SALES,LOCATION_LOC_ID)
VALUES (195,TO_DATE('08/09/2022', 'MM/DD/YYYY'),10525,5);
INSERT INTO RECORD (REC_ID,REC_DATE,REC_SALES,LOCATION_LOC_ID)
VALUES (196,TO_DATE('07/13/2021', 'MM/DD/YYYY'),11425,17);
INSERT INTO RECORD (REC_ID,REC_DATE,REC_SALES,LOCATION_LOC_ID)
VALUES (197,TO_DATE('01/28/2022', 'MM/DD/YYYY'),5638,10);
INSERT INTO RECORD (REC_ID,REC_DATE,REC_SALES,LOCATION_LOC_ID)
VALUES (198,TO_DATE('05/09/2021', 'MM/DD/YYYY'),8038,11);
INSERT INTO RECORD (REC_ID,REC_DATE,REC_SALES,LOCATION_LOC_ID)
VALUES (199,TO_DATE('10/30/2021', 'MM/DD/YYYY'),5678,22);
INSERT INTO RECORD (REC_ID,REC_DATE,REC_SALES,LOCATION_LOC_ID)
VALUES (200,TO_DATE('10/17/2022', 'MM/DD/YYYY'),10406,20);
INSERT INTO RECORD (REC_ID,REC_DATE,REC_SALES,LOCATION_LOC_ID)
VALUES (201,TO_DATE('08/21/2021', 'MM/DD/YYYY'),7658,3);
INSERT INTO RECORD (REC_ID,REC_DATE,REC_SALES,LOCATION_LOC_ID)
VALUES (202,TO_DATE('05/19/2021', 'MM/DD/YYYY'),11446,16);
INSERT INTO RECORD (REC_ID,REC_DATE,REC_SALES,LOCATION_LOC_ID)
VALUES (203,TO_DATE('10/01/2021', 'MM/DD/YYYY'),6723,9);
INSERT INTO RECORD (REC_ID,REC_DATE,REC_SALES,LOCATION_LOC_ID)
VALUES (204,TO_DATE('12/22/2021', 'MM/DD/YYYY'),5691,30);
INSERT INTO RECORD (REC_ID,REC_DATE,REC_SALES,LOCATION_LOC_ID)
VALUES (205,TO_DATE('12/09/2022', 'MM/DD/YYYY'),9983,21);
INSERT INTO RECORD (REC_ID,REC_DATE,REC_SALES,LOCATION_LOC_ID)
VALUES (206,TO_DATE('03/13/2022', 'MM/DD/YYYY'),5770,17);
INSERT INTO RECORD (REC_ID,REC_DATE,REC_SALES,LOCATION_LOC_ID)
VALUES (207,TO_DATE('06/15/2022', 'MM/DD/YYYY'),8264,20);
INSERT INTO RECORD (REC_ID,REC_DATE,REC_SALES,LOCATION_LOC_ID)
VALUES (208,TO_DATE('12/24/2021', 'MM/DD/YYYY'),5166,8);
INSERT INTO RECORD (REC_ID,REC_DATE,REC_SALES,LOCATION_LOC_ID)
VALUES (209,TO_DATE('03/25/2022', 'MM/DD/YYYY'),9536,20);
INSERT INTO RECORD (REC_ID,REC_DATE,REC_SALES,LOCATION_LOC_ID)
VALUES (210,TO_DATE('06/29/2021', 'MM/DD/YYYY'),11779,24);
INSERT INTO RECORD (REC_ID,REC_DATE,REC_SALES,LOCATION_LOC_ID)
VALUES (211,TO_DATE('11/26/2022', 'MM/DD/YYYY'),8636,4);
INSERT INTO RECORD (REC_ID,REC_DATE,REC_SALES,LOCATION_LOC_ID)
VALUES (212,TO_DATE('05/04/2022', 'MM/DD/YYYY'),11044,4);
INSERT INTO RECORD (REC_ID,REC_DATE,REC_SALES,LOCATION_LOC_ID)
VALUES (213,TO_DATE('04/17/2021', 'MM/DD/YYYY'),8857,14);
INSERT INTO RECORD (REC_ID,REC_DATE,REC_SALES,LOCATION_LOC_ID)
VALUES (214,TO_DATE('07/12/2022', 'MM/DD/YYYY'),9130,11);
INSERT INTO RECORD (REC_ID,REC_DATE,REC_SALES,LOCATION_LOC_ID)
VALUES (215,TO_DATE('10/28/2022', 'MM/DD/YYYY'),5258,1);
INSERT INTO RECORD (REC_ID,REC_DATE,REC_SALES,LOCATION_LOC_ID)
VALUES (216,TO_DATE('12/14/2022', 'MM/DD/YYYY'),7079,17);
INSERT INTO RECORD (REC_ID,REC_DATE,REC_SALES,LOCATION_LOC_ID)
VALUES (217,TO_DATE('09/14/2021', 'MM/DD/YYYY'),7486,13);
INSERT INTO RECORD (REC_ID,REC_DATE,REC_SALES,LOCATION_LOC_ID)
VALUES (218,TO_DATE('01/20/2023', 'MM/DD/YYYY'),11531,30);
INSERT INTO RECORD (REC_ID,REC_DATE,REC_SALES,LOCATION_LOC_ID)
VALUES (219,TO_DATE('11/06/2021', 'MM/DD/YYYY'),13470,13);
INSERT INTO RECORD (REC_ID,REC_DATE,REC_SALES,LOCATION_LOC_ID)
VALUES (220,TO_DATE('01/06/2023', 'MM/DD/YYYY'),6237,23);
INSERT INTO RECORD (REC_ID,REC_DATE,REC_SALES,LOCATION_LOC_ID)
VALUES (221,TO_DATE('12/22/2021', 'MM/DD/YYYY'),13196,23);
INSERT INTO RECORD (REC_ID,REC_DATE,REC_SALES,LOCATION_LOC_ID)
VALUES (222,TO_DATE('06/08/2021', 'MM/DD/YYYY'),9735,6);
INSERT INTO RECORD (REC_ID,REC_DATE,REC_SALES,LOCATION_LOC_ID)
VALUES (223,TO_DATE('02/22/2023', 'MM/DD/YYYY'),4610,13);
INSERT INTO RECORD (REC_ID,REC_DATE,REC_SALES,LOCATION_LOC_ID)
VALUES (224,TO_DATE('06/27/2021', 'MM/DD/YYYY'),6820,8);
INSERT INTO RECORD (REC_ID,REC_DATE,REC_SALES,LOCATION_LOC_ID)
VALUES (225,TO_DATE('05/24/2022', 'MM/DD/YYYY'),9345,19);
INSERT INTO RECORD (REC_ID,REC_DATE,REC_SALES,LOCATION_LOC_ID)
VALUES (226,TO_DATE('05/14/2022', 'MM/DD/YYYY'),4528,22);
INSERT INTO RECORD (REC_ID,REC_DATE,REC_SALES,LOCATION_LOC_ID)
VALUES (227,TO_DATE('08/24/2022', 'MM/DD/YYYY'),8702,29);
INSERT INTO RECORD (REC_ID,REC_DATE,REC_SALES,LOCATION_LOC_ID)
VALUES (228,TO_DATE('10/20/2022', 'MM/DD/YYYY'),9227,18);
INSERT INTO RECORD (REC_ID,REC_DATE,REC_SALES,LOCATION_LOC_ID)
VALUES (229,TO_DATE('05/17/2022', 'MM/DD/YYYY'),12714,15);
INSERT INTO RECORD (REC_ID,REC_DATE,REC_SALES,LOCATION_LOC_ID)
VALUES (230,TO_DATE('07/08/2022', 'MM/DD/YYYY'),6515,22);
INSERT INTO RECORD (REC_ID,REC_DATE,REC_SALES,LOCATION_LOC_ID)
VALUES (231,TO_DATE('09/05/2022', 'MM/DD/YYYY'),7137,25);
INSERT INTO RECORD (REC_ID,REC_DATE,REC_SALES,LOCATION_LOC_ID)
VALUES (232,TO_DATE('01/21/2023', 'MM/DD/YYYY'),9373,5);
INSERT INTO RECORD (REC_ID,REC_DATE,REC_SALES,LOCATION_LOC_ID)
VALUES (233,TO_DATE('07/06/2022', 'MM/DD/YYYY'),6990,21);
INSERT INTO RECORD (REC_ID,REC_DATE,REC_SALES,LOCATION_LOC_ID)
VALUES (234,TO_DATE('06/17/2022', 'MM/DD/YYYY'),9148,9);
INSERT INTO RECORD (REC_ID,REC_DATE,REC_SALES,LOCATION_LOC_ID)
VALUES (235,TO_DATE('08/20/2021', 'MM/DD/YYYY'),11121,11);
INSERT INTO RECORD (REC_ID,REC_DATE,REC_SALES,LOCATION_LOC_ID)
VALUES (236,TO_DATE('05/31/2022', 'MM/DD/YYYY'),6649,7);
INSERT INTO RECORD (REC_ID,REC_DATE,REC_SALES,LOCATION_LOC_ID)
VALUES (237,TO_DATE('01/18/2022', 'MM/DD/YYYY'),7312,9);
INSERT INTO RECORD (REC_ID,REC_DATE,REC_SALES,LOCATION_LOC_ID)
VALUES (238,TO_DATE('12/18/2021', 'MM/DD/YYYY'),10398,6);
INSERT INTO RECORD (REC_ID,REC_DATE,REC_SALES,LOCATION_LOC_ID)
VALUES (239,TO_DATE('03/28/2023', 'MM/DD/YYYY'),7704,12);
INSERT INTO RECORD (REC_ID,REC_DATE,REC_SALES,LOCATION_LOC_ID)
VALUES (240,TO_DATE('07/15/2021', 'MM/DD/YYYY'),13230,21);
INSERT INTO RECORD (REC_ID,REC_DATE,REC_SALES,LOCATION_LOC_ID)
VALUES (241,TO_DATE('05/23/2021', 'MM/DD/YYYY'),11871,23);
INSERT INTO RECORD (REC_ID,REC_DATE,REC_SALES,LOCATION_LOC_ID)
VALUES (242,TO_DATE('02/06/2022', 'MM/DD/YYYY'),8222,24);
INSERT INTO RECORD (REC_ID,REC_DATE,REC_SALES,LOCATION_LOC_ID)
VALUES (243,TO_DATE('10/10/2021', 'MM/DD/YYYY'),6867,24);
INSERT INTO RECORD (REC_ID,REC_DATE,REC_SALES,LOCATION_LOC_ID)
VALUES (244,TO_DATE('01/07/2022', 'MM/DD/YYYY'),10355,29);
INSERT INTO RECORD (REC_ID,REC_DATE,REC_SALES,LOCATION_LOC_ID)
VALUES (245,TO_DATE('09/25/2022', 'MM/DD/YYYY'),10766,20);
INSERT INTO RECORD (REC_ID,REC_DATE,REC_SALES,LOCATION_LOC_ID)
VALUES (246,TO_DATE('11/20/2021', 'MM/DD/YYYY'),13815,18);
INSERT INTO RECORD (REC_ID,REC_DATE,REC_SALES,LOCATION_LOC_ID)
VALUES (247,TO_DATE('02/23/2023', 'MM/DD/YYYY'),7973,14);
INSERT INTO RECORD (REC_ID,REC_DATE,REC_SALES,LOCATION_LOC_ID)
VALUES (248,TO_DATE('08/28/2021', 'MM/DD/YYYY'),5454,23);
INSERT INTO RECORD (REC_ID,REC_DATE,REC_SALES,LOCATION_LOC_ID)
VALUES (249,TO_DATE('07/21/2022', 'MM/DD/YYYY'),9848,13);
INSERT INTO RECORD (REC_ID,REC_DATE,REC_SALES,LOCATION_LOC_ID)
VALUES (250,TO_DATE('09/23/2022', 'MM/DD/YYYY'),13415,29);
INSERT INTO RECORD (REC_ID,REC_DATE,REC_SALES,LOCATION_LOC_ID)
VALUES (251,TO_DATE('09/02/2021', 'MM/DD/YYYY'),5925,23);
INSERT INTO RECORD (REC_ID,REC_DATE,REC_SALES,LOCATION_LOC_ID)
VALUES (252,TO_DATE('01/28/2023', 'MM/DD/YYYY'),5003,10);
INSERT INTO RECORD (REC_ID,REC_DATE,REC_SALES,LOCATION_LOC_ID)
VALUES (253,TO_DATE('03/26/2022', 'MM/DD/YYYY'),10534,26);
INSERT INTO RECORD (REC_ID,REC_DATE,REC_SALES,LOCATION_LOC_ID)
VALUES (254,TO_DATE('12/09/2022', 'MM/DD/YYYY'),5873,16);
INSERT INTO RECORD (REC_ID,REC_DATE,REC_SALES,LOCATION_LOC_ID)
VALUES (255,TO_DATE('08/07/2021', 'MM/DD/YYYY'),5647,28);
INSERT INTO RECORD (REC_ID,REC_DATE,REC_SALES,LOCATION_LOC_ID)
VALUES (256,TO_DATE('09/13/2021', 'MM/DD/YYYY'),12817,19);
INSERT INTO RECORD (REC_ID,REC_DATE,REC_SALES,LOCATION_LOC_ID)
VALUES (257,TO_DATE('01/11/2022', 'MM/DD/YYYY'),7047,23);
INSERT INTO RECORD (REC_ID,REC_DATE,REC_SALES,LOCATION_LOC_ID)
VALUES (258,TO_DATE('08/02/2022', 'MM/DD/YYYY'),7766,26);
INSERT INTO RECORD (REC_ID,REC_DATE,REC_SALES,LOCATION_LOC_ID)
VALUES (259,TO_DATE('06/19/2022', 'MM/DD/YYYY'),5226,1);
INSERT INTO RECORD (REC_ID,REC_DATE,REC_SALES,LOCATION_LOC_ID)
VALUES (260,TO_DATE('01/08/2022', 'MM/DD/YYYY'),8572,9);
INSERT INTO RECORD (REC_ID,REC_DATE,REC_SALES,LOCATION_LOC_ID)
VALUES (261,TO_DATE('07/16/2021', 'MM/DD/YYYY'),10755,4);
INSERT INTO RECORD (REC_ID,REC_DATE,REC_SALES,LOCATION_LOC_ID)
VALUES (262,TO_DATE('09/02/2022', 'MM/DD/YYYY'),12224,6);
INSERT INTO RECORD (REC_ID,REC_DATE,REC_SALES,LOCATION_LOC_ID)
VALUES (263,TO_DATE('10/08/2022', 'MM/DD/YYYY'),12484,17);
INSERT INTO RECORD (REC_ID,REC_DATE,REC_SALES,LOCATION_LOC_ID)
VALUES (264,TO_DATE('10/27/2022', 'MM/DD/YYYY'),12312,22);
INSERT INTO RECORD (REC_ID,REC_DATE,REC_SALES,LOCATION_LOC_ID)
VALUES (265,TO_DATE('03/13/2023', 'MM/DD/YYYY'),4641,19);
INSERT INTO RECORD (REC_ID,REC_DATE,REC_SALES,LOCATION_LOC_ID)
VALUES (266,TO_DATE('05/15/2021', 'MM/DD/YYYY'),9429,8);
INSERT INTO RECORD (REC_ID,REC_DATE,REC_SALES,LOCATION_LOC_ID)
VALUES (267,TO_DATE('04/03/2022', 'MM/DD/YYYY'),5891,21);
INSERT INTO RECORD (REC_ID,REC_DATE,REC_SALES,LOCATION_LOC_ID)
VALUES (268,TO_DATE('03/10/2023', 'MM/DD/YYYY'),13519,15);
INSERT INTO RECORD (REC_ID,REC_DATE,REC_SALES,LOCATION_LOC_ID)
VALUES (269,TO_DATE('10/10/2022', 'MM/DD/YYYY'),7236,14);
INSERT INTO RECORD (REC_ID,REC_DATE,REC_SALES,LOCATION_LOC_ID)
VALUES (270,TO_DATE('03/12/2023', 'MM/DD/YYYY'),7016,12);
INSERT INTO RECORD (REC_ID,REC_DATE,REC_SALES,LOCATION_LOC_ID)
VALUES (271,TO_DATE('03/25/2022', 'MM/DD/YYYY'),13309,6);
INSERT INTO RECORD (REC_ID,REC_DATE,REC_SALES,LOCATION_LOC_ID)
VALUES (272,TO_DATE('11/27/2021', 'MM/DD/YYYY'),11706,3);
INSERT INTO RECORD (REC_ID,REC_DATE,REC_SALES,LOCATION_LOC_ID)
VALUES (273,TO_DATE('03/31/2022', 'MM/DD/YYYY'),11562,13);
INSERT INTO RECORD (REC_ID,REC_DATE,REC_SALES,LOCATION_LOC_ID)
VALUES (274,TO_DATE('02/28/2022', 'MM/DD/YYYY'),10281,13);
INSERT INTO RECORD (REC_ID,REC_DATE,REC_SALES,LOCATION_LOC_ID)
VALUES (275,TO_DATE('03/03/2023', 'MM/DD/YYYY'),12837,20);
INSERT INTO RECORD (REC_ID,REC_DATE,REC_SALES,LOCATION_LOC_ID)
VALUES (276,TO_DATE('11/30/2022', 'MM/DD/YYYY'),12466,17);
INSERT INTO RECORD (REC_ID,REC_DATE,REC_SALES,LOCATION_LOC_ID)
VALUES (277,TO_DATE('02/10/2023', 'MM/DD/YYYY'),8512,2);
INSERT INTO RECORD (REC_ID,REC_DATE,REC_SALES,LOCATION_LOC_ID)
VALUES (278,TO_DATE('10/09/2022', 'MM/DD/YYYY'),9034,23);
INSERT INTO RECORD (REC_ID,REC_DATE,REC_SALES,LOCATION_LOC_ID)
VALUES (279,TO_DATE('05/20/2021', 'MM/DD/YYYY'),12111,28);
INSERT INTO RECORD (REC_ID,REC_DATE,REC_SALES,LOCATION_LOC_ID)
VALUES (280,TO_DATE('02/16/2022', 'MM/DD/YYYY'),10233,24);
INSERT INTO RECORD (REC_ID,REC_DATE,REC_SALES,LOCATION_LOC_ID)
VALUES (281,TO_DATE('11/26/2021', 'MM/DD/YYYY'),12177,14);
INSERT INTO RECORD (REC_ID,REC_DATE,REC_SALES,LOCATION_LOC_ID)
VALUES (282,TO_DATE('03/26/2023', 'MM/DD/YYYY'),8189,23);
INSERT INTO RECORD (REC_ID,REC_DATE,REC_SALES,LOCATION_LOC_ID)
VALUES (283,TO_DATE('10/20/2021', 'MM/DD/YYYY'),13200,10);
INSERT INTO RECORD (REC_ID,REC_DATE,REC_SALES,LOCATION_LOC_ID)
VALUES (284,TO_DATE('07/06/2021', 'MM/DD/YYYY'),6354,14);
INSERT INTO RECORD (REC_ID,REC_DATE,REC_SALES,LOCATION_LOC_ID)
VALUES (285,TO_DATE('11/05/2021', 'MM/DD/YYYY'),5999,2);
INSERT INTO RECORD (REC_ID,REC_DATE,REC_SALES,LOCATION_LOC_ID)
VALUES (286,TO_DATE('01/06/2022', 'MM/DD/YYYY'),10392,15);
INSERT INTO RECORD (REC_ID,REC_DATE,REC_SALES,LOCATION_LOC_ID)
VALUES (287,TO_DATE('07/18/2022', 'MM/DD/YYYY'),8446,20);
INSERT INTO RECORD (REC_ID,REC_DATE,REC_SALES,LOCATION_LOC_ID)
VALUES (288,TO_DATE('07/03/2021', 'MM/DD/YYYY'),9232,24);
INSERT INTO RECORD (REC_ID,REC_DATE,REC_SALES,LOCATION_LOC_ID)
VALUES (289,TO_DATE('01/02/2023', 'MM/DD/YYYY'),5008,23);
INSERT INTO RECORD (REC_ID,REC_DATE,REC_SALES,LOCATION_LOC_ID)
VALUES (290,TO_DATE('02/21/2022', 'MM/DD/YYYY'),12286,25);
INSERT INTO RECORD (REC_ID,REC_DATE,REC_SALES,LOCATION_LOC_ID)
VALUES (291,TO_DATE('03/30/2023', 'MM/DD/YYYY'),5214,26);
INSERT INTO RECORD (REC_ID,REC_DATE,REC_SALES,LOCATION_LOC_ID)
VALUES (292,TO_DATE('04/17/2021', 'MM/DD/YYYY'),11996,18);
INSERT INTO RECORD (REC_ID,REC_DATE,REC_SALES,LOCATION_LOC_ID)
VALUES (293,TO_DATE('07/20/2022', 'MM/DD/YYYY'),4697,18);
INSERT INTO RECORD (REC_ID,REC_DATE,REC_SALES,LOCATION_LOC_ID)
VALUES (294,TO_DATE('05/13/2022', 'MM/DD/YYYY'),10146,29);
INSERT INTO RECORD (REC_ID,REC_DATE,REC_SALES,LOCATION_LOC_ID)
VALUES (295,TO_DATE('10/16/2021', 'MM/DD/YYYY'),6775,6);
INSERT INTO RECORD (REC_ID,REC_DATE,REC_SALES,LOCATION_LOC_ID)
VALUES (296,TO_DATE('03/05/2023', 'MM/DD/YYYY'),12797,15);
INSERT INTO RECORD (REC_ID,REC_DATE,REC_SALES,LOCATION_LOC_ID)
VALUES (297,TO_DATE('03/28/2022', 'MM/DD/YYYY'),8955,9);
INSERT INTO RECORD (REC_ID,REC_DATE,REC_SALES,LOCATION_LOC_ID)
VALUES (298,TO_DATE('10/16/2022', 'MM/DD/YYYY'),9418,11);
INSERT INTO RECORD (REC_ID,REC_DATE,REC_SALES,LOCATION_LOC_ID)
VALUES (299,TO_DATE('03/01/2022', 'MM/DD/YYYY'),11109,2);
INSERT INTO RECORD (REC_ID,REC_DATE,REC_SALES,LOCATION_LOC_ID)
VALUES (300,TO_DATE('09/24/2021', 'MM/DD/YYYY'),5268,16);

INSERT INTO EMPLOYEE (EMP_ID,EMP_FIRST,EMP_LAST,EMP_PHONE_NUM,EMP_JOB_TITLE,EMP_SCH_HOURS,LOCATION_LOC_ID)
VALUES (1,'Jaquelyn','Ruiz','(978) 666-3718','Kitchen',8,18);
INSERT INTO EMPLOYEE (EMP_ID,EMP_FIRST,EMP_LAST,EMP_PHONE_NUM,EMP_JOB_TITLE,EMP_SCH_HOURS,LOCATION_LOC_ID)
VALUES (2,'Ainsley','Williams','(288) 477-3628','Kitchen',9,23);
INSERT INTO EMPLOYEE (EMP_ID,EMP_FIRST,EMP_LAST,EMP_PHONE_NUM,EMP_JOB_TITLE,EMP_SCH_HOURS,LOCATION_LOC_ID)
VALUES (3,'Kevyn','Farmer','(357) 526-0764','Cashier',5,29);
INSERT INTO EMPLOYEE (EMP_ID,EMP_FIRST,EMP_LAST,EMP_PHONE_NUM,EMP_JOB_TITLE,EMP_SCH_HOURS,LOCATION_LOC_ID)
VALUES (4,'Phillip','Owens','(916) 667-0973','Management',5,30);
INSERT INTO EMPLOYEE (EMP_ID,EMP_FIRST,EMP_LAST,EMP_PHONE_NUM,EMP_JOB_TITLE,EMP_SCH_HOURS,LOCATION_LOC_ID)
VALUES (5,'Whitney','Fox','(114) 414-5672','Kitchen',6,28);
INSERT INTO EMPLOYEE (EMP_ID,EMP_FIRST,EMP_LAST,EMP_PHONE_NUM,EMP_JOB_TITLE,EMP_SCH_HOURS,LOCATION_LOC_ID)
VALUES (6,'Carl','O''Neill','(478) 505-2813','Management',4,4);
INSERT INTO EMPLOYEE (EMP_ID,EMP_FIRST,EMP_LAST,EMP_PHONE_NUM,EMP_JOB_TITLE,EMP_SCH_HOURS,LOCATION_LOC_ID)
VALUES (7,'Allistair','Bryan','(288) 467-3263','Cashier',7,29);
INSERT INTO EMPLOYEE (EMP_ID,EMP_FIRST,EMP_LAST,EMP_PHONE_NUM,EMP_JOB_TITLE,EMP_SCH_HOURS,LOCATION_LOC_ID)
VALUES (8,'Georgia','Joyce','(343) 962-2577','Drive-thru',8,26);
INSERT INTO EMPLOYEE (EMP_ID,EMP_FIRST,EMP_LAST,EMP_PHONE_NUM,EMP_JOB_TITLE,EMP_SCH_HOURS,LOCATION_LOC_ID)
VALUES (9,'Charde','Fuller','(447) 283-2420','Drive-thru',6,26);
INSERT INTO EMPLOYEE (EMP_ID,EMP_FIRST,EMP_LAST,EMP_PHONE_NUM,EMP_JOB_TITLE,EMP_SCH_HOURS,LOCATION_LOC_ID)
VALUES (10,'Jillian','Stephens','(682) 678-4146','Kitchen',10,7);
INSERT INTO EMPLOYEE (EMP_ID,EMP_FIRST,EMP_LAST,EMP_PHONE_NUM,EMP_JOB_TITLE,EMP_SCH_HOURS,LOCATION_LOC_ID)
VALUES (11,'Andrew','Brown','(311) 576-3070','Kitchen',7,20);
INSERT INTO EMPLOYEE (EMP_ID,EMP_FIRST,EMP_LAST,EMP_PHONE_NUM,EMP_JOB_TITLE,EMP_SCH_HOURS,LOCATION_LOC_ID)
VALUES (12,'Liberty','Arnold','(825) 858-6806','Kitchen',8,18);
INSERT INTO EMPLOYEE (EMP_ID,EMP_FIRST,EMP_LAST,EMP_PHONE_NUM,EMP_JOB_TITLE,EMP_SCH_HOURS,LOCATION_LOC_ID)
VALUES (13,'Amber','Lara','(743) 771-6104','Cashier',5,17);
INSERT INTO EMPLOYEE (EMP_ID,EMP_FIRST,EMP_LAST,EMP_PHONE_NUM,EMP_JOB_TITLE,EMP_SCH_HOURS,LOCATION_LOC_ID)
VALUES (14,'Geraldine','Hensley','(535) 332-3573','Cashier',8,26);
INSERT INTO EMPLOYEE (EMP_ID,EMP_FIRST,EMP_LAST,EMP_PHONE_NUM,EMP_JOB_TITLE,EMP_SCH_HOURS,LOCATION_LOC_ID)
VALUES (15,'Kevyn','Sutton','(856) 729-1718','Cashier',9,24);
INSERT INTO EMPLOYEE (EMP_ID,EMP_FIRST,EMP_LAST,EMP_PHONE_NUM,EMP_JOB_TITLE,EMP_SCH_HOURS,LOCATION_LOC_ID)
VALUES (16,'Lewis','Byrd','(625) 683-2368','Drive-thru',6,22);
INSERT INTO EMPLOYEE (EMP_ID,EMP_FIRST,EMP_LAST,EMP_PHONE_NUM,EMP_JOB_TITLE,EMP_SCH_HOURS,LOCATION_LOC_ID)
VALUES (17,'Connor','Noel','(862) 666-8952','Cashier',8,21);
INSERT INTO EMPLOYEE (EMP_ID,EMP_FIRST,EMP_LAST,EMP_PHONE_NUM,EMP_JOB_TITLE,EMP_SCH_HOURS,LOCATION_LOC_ID)
VALUES (18,'Malachi','Bender','(715) 609-2140','Cashier',9,9);
INSERT INTO EMPLOYEE (EMP_ID,EMP_FIRST,EMP_LAST,EMP_PHONE_NUM,EMP_JOB_TITLE,EMP_SCH_HOURS,LOCATION_LOC_ID)
VALUES (19,'Demetrius','Erickson','(770) 769-7135','Kitchen',6,28);
INSERT INTO EMPLOYEE (EMP_ID,EMP_FIRST,EMP_LAST,EMP_PHONE_NUM,EMP_JOB_TITLE,EMP_SCH_HOURS,LOCATION_LOC_ID)
VALUES (20,'Hadley','Cervantes','(756) 774-6087','Management',4,19);
INSERT INTO EMPLOYEE (EMP_ID,EMP_FIRST,EMP_LAST,EMP_PHONE_NUM,EMP_JOB_TITLE,EMP_SCH_HOURS,LOCATION_LOC_ID)
VALUES (21,'Camilla','Brewer','(534) 218-0213','Management',9,3);
INSERT INTO EMPLOYEE (EMP_ID,EMP_FIRST,EMP_LAST,EMP_PHONE_NUM,EMP_JOB_TITLE,EMP_SCH_HOURS,LOCATION_LOC_ID)
VALUES (22,'Odessa','Fulton','(635) 812-2782','Management',7,13);
INSERT INTO EMPLOYEE (EMP_ID,EMP_FIRST,EMP_LAST,EMP_PHONE_NUM,EMP_JOB_TITLE,EMP_SCH_HOURS,LOCATION_LOC_ID)
VALUES (23,'Louis','Macias','(406) 262-8249','Drive-thru',7,20);
INSERT INTO EMPLOYEE (EMP_ID,EMP_FIRST,EMP_LAST,EMP_PHONE_NUM,EMP_JOB_TITLE,EMP_SCH_HOURS,LOCATION_LOC_ID)
VALUES (24,'Gretchen','Schroeder','(203) 442-3837','Cashier',6,27);
INSERT INTO EMPLOYEE (EMP_ID,EMP_FIRST,EMP_LAST,EMP_PHONE_NUM,EMP_JOB_TITLE,EMP_SCH_HOURS,LOCATION_LOC_ID)
VALUES (25,'Cade','Bright','(819) 661-0724','Management',9,26);
INSERT INTO EMPLOYEE (EMP_ID,EMP_FIRST,EMP_LAST,EMP_PHONE_NUM,EMP_JOB_TITLE,EMP_SCH_HOURS,LOCATION_LOC_ID)
VALUES (26,'Claudia','Ellison','(706) 466-0747','Drive-thru',10,26);
INSERT INTO EMPLOYEE (EMP_ID,EMP_FIRST,EMP_LAST,EMP_PHONE_NUM,EMP_JOB_TITLE,EMP_SCH_HOURS,LOCATION_LOC_ID)
VALUES (27,'Vaughan','Barnett','(955) 751-4825','Management',9,11);
INSERT INTO EMPLOYEE (EMP_ID,EMP_FIRST,EMP_LAST,EMP_PHONE_NUM,EMP_JOB_TITLE,EMP_SCH_HOURS,LOCATION_LOC_ID)
VALUES (28,'Lawrence','Harper','(413) 137-2886','Management',5,14);
INSERT INTO EMPLOYEE (EMP_ID,EMP_FIRST,EMP_LAST,EMP_PHONE_NUM,EMP_JOB_TITLE,EMP_SCH_HOURS,LOCATION_LOC_ID)
VALUES (29,'Brenden','Wall','(125) 670-3750','Kitchen',10,10);
INSERT INTO EMPLOYEE (EMP_ID,EMP_FIRST,EMP_LAST,EMP_PHONE_NUM,EMP_JOB_TITLE,EMP_SCH_HOURS,LOCATION_LOC_ID)
VALUES (30,'Dexter','Banks','(382) 973-5785','Kitchen',5,8);


INSERT INTO PAYCHECK (PC_ID,PC_TAX_RATE,PC_GROSS_PAY,PC_NET_PAY,PC_HOURS_WORKED,PC_PAY_PERIOD_START,PC_PAY_PERIOD_END,EMP_ID)
VALUES (1,15,130,9,4,TO_DATE('04/28/2021','MM/DD/YYYY'),TO_DATE('05/16/2021','MM/DD/YYYY'),19);
INSERT INTO PAYCHECK (PC_ID,PC_TAX_RATE,PC_GROSS_PAY,PC_NET_PAY,PC_HOURS_WORKED,PC_PAY_PERIOD_START,PC_PAY_PERIOD_END,EMP_ID)
VALUES (2,14,127,1,4,TO_DATE('04/30/2021','MM/DD/YYYY'),TO_DATE('05/23/2021','MM/DD/YYYY'),3);
INSERT INTO PAYCHECK (PC_ID,PC_TAX_RATE,PC_GROSS_PAY,PC_NET_PAY,PC_HOURS_WORKED,PC_PAY_PERIOD_START,PC_PAY_PERIOD_END,EMP_ID)
VALUES (3,11,104,0,2,TO_DATE('05/01/2021','MM/DD/YYYY'),TO_DATE('05/25/2021','MM/DD/YYYY'),5);
INSERT INTO PAYCHECK (PC_ID,PC_TAX_RATE,PC_GROSS_PAY,PC_NET_PAY,PC_HOURS_WORKED,PC_PAY_PERIOD_START,PC_PAY_PERIOD_END,EMP_ID)
VALUES (4,13,163,7,2,TO_DATE('04/15/2021','MM/DD/YYYY'),TO_DATE('05/16/2021','MM/DD/YYYY'),25);
INSERT INTO PAYCHECK (PC_ID,PC_TAX_RATE,PC_GROSS_PAY,PC_NET_PAY,PC_HOURS_WORKED,PC_PAY_PERIOD_START,PC_PAY_PERIOD_END,EMP_ID)
VALUES (5,14,105,6,1,TO_DATE('04/29/2021','MM/DD/YYYY'),TO_DATE('06/08/2021','MM/DD/YYYY'),11);
INSERT INTO PAYCHECK (PC_ID,PC_TAX_RATE,PC_GROSS_PAY,PC_NET_PAY,PC_HOURS_WORKED,PC_PAY_PERIOD_START,PC_PAY_PERIOD_END,EMP_ID)
VALUES (6,12,145,6,0,TO_DATE('04/14/2021','MM/DD/YYYY'),TO_DATE('06/06/2021','MM/DD/YYYY'),29);
INSERT INTO PAYCHECK (PC_ID,PC_TAX_RATE,PC_GROSS_PAY,PC_NET_PAY,PC_HOURS_WORKED,PC_PAY_PERIOD_START,PC_PAY_PERIOD_END,EMP_ID)
VALUES (7,14,142,7,7,TO_DATE('04/30/2021','MM/DD/YYYY'),TO_DATE('06/07/2021','MM/DD/YYYY'),8);
INSERT INTO PAYCHECK (PC_ID,PC_TAX_RATE,PC_GROSS_PAY,PC_NET_PAY,PC_HOURS_WORKED,PC_PAY_PERIOD_START,PC_PAY_PERIOD_END,EMP_ID)
VALUES (8,14,168,2,6,TO_DATE('05/07/2021','MM/DD/YYYY'),TO_DATE('05/29/2021','MM/DD/YYYY'),11);
INSERT INTO PAYCHECK (PC_ID,PC_TAX_RATE,PC_GROSS_PAY,PC_NET_PAY,PC_HOURS_WORKED,PC_PAY_PERIOD_START,PC_PAY_PERIOD_END,EMP_ID)
VALUES (9,14,167,10,4,TO_DATE('05/01/2021','MM/DD/YYYY'),TO_DATE('05/09/2021','MM/DD/YYYY'),16);
INSERT INTO PAYCHECK (PC_ID,PC_TAX_RATE,PC_GROSS_PAY,PC_NET_PAY,PC_HOURS_WORKED,PC_PAY_PERIOD_START,PC_PAY_PERIOD_END,EMP_ID)
VALUES (10,13,150,8,8,TO_DATE('04/27/2021','MM/DD/YYYY'),TO_DATE('06/06/2021','MM/DD/YYYY'),5);
INSERT INTO PAYCHECK (PC_ID,PC_TAX_RATE,PC_GROSS_PAY,PC_NET_PAY,PC_HOURS_WORKED,PC_PAY_PERIOD_START,PC_PAY_PERIOD_END,EMP_ID)
VALUES (11,10,147,7,9,TO_DATE('04/11/2021','MM/DD/YYYY'),TO_DATE('05/23/2021','MM/DD/YYYY'),18);
INSERT INTO PAYCHECK (PC_ID,PC_TAX_RATE,PC_GROSS_PAY,PC_NET_PAY,PC_HOURS_WORKED,PC_PAY_PERIOD_START,PC_PAY_PERIOD_END,EMP_ID)
VALUES (12,14,192,8,8,TO_DATE('05/01/2021','MM/DD/YYYY'),TO_DATE('06/05/2021','MM/DD/YYYY'),15);
INSERT INTO PAYCHECK (PC_ID,PC_TAX_RATE,PC_GROSS_PAY,PC_NET_PAY,PC_HOURS_WORKED,PC_PAY_PERIOD_START,PC_PAY_PERIOD_END,EMP_ID)
VALUES (13,11,189,7,7,TO_DATE('04/15/2021','MM/DD/YYYY'),TO_DATE('05/29/2021','MM/DD/YYYY'),28);
INSERT INTO PAYCHECK (PC_ID,PC_TAX_RATE,PC_GROSS_PAY,PC_NET_PAY,PC_HOURS_WORKED,PC_PAY_PERIOD_START,PC_PAY_PERIOD_END,EMP_ID)
VALUES (14,11,145,6,8,TO_DATE('04/22/2021','MM/DD/YYYY'),TO_DATE('05/08/2021','MM/DD/YYYY'),29);
INSERT INTO PAYCHECK (PC_ID,PC_TAX_RATE,PC_GROSS_PAY,PC_NET_PAY,PC_HOURS_WORKED,PC_PAY_PERIOD_START,PC_PAY_PERIOD_END,EMP_ID)
VALUES (15,12,152,0,8,TO_DATE('05/05/2021','MM/DD/YYYY'),TO_DATE('05/26/2021','MM/DD/YYYY'),25);
INSERT INTO PAYCHECK (PC_ID,PC_TAX_RATE,PC_GROSS_PAY,PC_NET_PAY,PC_HOURS_WORKED,PC_PAY_PERIOD_START,PC_PAY_PERIOD_END,EMP_ID)
VALUES (16,14,107,8,4,TO_DATE('04/13/2021','MM/DD/YYYY'),TO_DATE('06/08/2021','MM/DD/YYYY'),9);
INSERT INTO PAYCHECK (PC_ID,PC_TAX_RATE,PC_GROSS_PAY,PC_NET_PAY,PC_HOURS_WORKED,PC_PAY_PERIOD_START,PC_PAY_PERIOD_END,EMP_ID)
VALUES (17,12,113,10,6,TO_DATE('04/26/2021','MM/DD/YYYY'),TO_DATE('05/19/2021','MM/DD/YYYY'),23);
INSERT INTO PAYCHECK (PC_ID,PC_TAX_RATE,PC_GROSS_PAY,PC_NET_PAY,PC_HOURS_WORKED,PC_PAY_PERIOD_START,PC_PAY_PERIOD_END,EMP_ID)
VALUES (18,14,101,9,0,TO_DATE('04/24/2021','MM/DD/YYYY'),TO_DATE('05/18/2021','MM/DD/YYYY'),10);
INSERT INTO PAYCHECK (PC_ID,PC_TAX_RATE,PC_GROSS_PAY,PC_NET_PAY,PC_HOURS_WORKED,PC_PAY_PERIOD_START,PC_PAY_PERIOD_END,EMP_ID)
VALUES (19,14,133,7,1,TO_DATE('04/22/2021','MM/DD/YYYY'),TO_DATE('05/30/2021','MM/DD/YYYY'),27);
INSERT INTO PAYCHECK (PC_ID,PC_TAX_RATE,PC_GROSS_PAY,PC_NET_PAY,PC_HOURS_WORKED,PC_PAY_PERIOD_START,PC_PAY_PERIOD_END,EMP_ID)
VALUES (20,13,189,5,3,TO_DATE('05/05/2021','MM/DD/YYYY'),TO_DATE('06/01/2021','MM/DD/YYYY'),16);
INSERT INTO PAYCHECK (PC_ID,PC_TAX_RATE,PC_GROSS_PAY,PC_NET_PAY,PC_HOURS_WORKED,PC_PAY_PERIOD_START,PC_PAY_PERIOD_END,EMP_ID)
VALUES (21,10,150,9,4,TO_DATE('04/22/2021','MM/DD/YYYY'),TO_DATE('06/04/2021','MM/DD/YYYY'),2);
INSERT INTO PAYCHECK (PC_ID,PC_TAX_RATE,PC_GROSS_PAY,PC_NET_PAY,PC_HOURS_WORKED,PC_PAY_PERIOD_START,PC_PAY_PERIOD_END,EMP_ID)
VALUES (22,15,140,9,6,TO_DATE('04/18/2021','MM/DD/YYYY'),TO_DATE('05/11/2021','MM/DD/YYYY'),3);
INSERT INTO PAYCHECK (PC_ID,PC_TAX_RATE,PC_GROSS_PAY,PC_NET_PAY,PC_HOURS_WORKED,PC_PAY_PERIOD_START,PC_PAY_PERIOD_END,EMP_ID)
VALUES (23,11,135,4,5,TO_DATE('04/24/2021','MM/DD/YYYY'),TO_DATE('06/03/2021','MM/DD/YYYY'),24);
INSERT INTO PAYCHECK (PC_ID,PC_TAX_RATE,PC_GROSS_PAY,PC_NET_PAY,PC_HOURS_WORKED,PC_PAY_PERIOD_START,PC_PAY_PERIOD_END,EMP_ID)
VALUES (24,14,189,7,7,TO_DATE('04/17/2021','MM/DD/YYYY'),TO_DATE('06/02/2021','MM/DD/YYYY'),19);
INSERT INTO PAYCHECK (PC_ID,PC_TAX_RATE,PC_GROSS_PAY,PC_NET_PAY,PC_HOURS_WORKED,PC_PAY_PERIOD_START,PC_PAY_PERIOD_END,EMP_ID)
VALUES (25,13,149,1,5,TO_DATE('05/03/2021','MM/DD/YYYY'),TO_DATE('05/21/2021','MM/DD/YYYY'),3);
INSERT INTO PAYCHECK (PC_ID,PC_TAX_RATE,PC_GROSS_PAY,PC_NET_PAY,PC_HOURS_WORKED,PC_PAY_PERIOD_START,PC_PAY_PERIOD_END,EMP_ID)
VALUES (26,11,157,2,5,TO_DATE('04/22/2021','MM/DD/YYYY'),TO_DATE('05/28/2021','MM/DD/YYYY'),15);
INSERT INTO PAYCHECK (PC_ID,PC_TAX_RATE,PC_GROSS_PAY,PC_NET_PAY,PC_HOURS_WORKED,PC_PAY_PERIOD_START,PC_PAY_PERIOD_END,EMP_ID)
VALUES (27,13,115,6,1,TO_DATE('04/10/2021','MM/DD/YYYY'),TO_DATE('05/24/2021','MM/DD/YYYY'),30);
INSERT INTO PAYCHECK (PC_ID,PC_TAX_RATE,PC_GROSS_PAY,PC_NET_PAY,PC_HOURS_WORKED,PC_PAY_PERIOD_START,PC_PAY_PERIOD_END,EMP_ID)
VALUES (28,12,173,9,8,TO_DATE('04/14/2021','MM/DD/YYYY'),TO_DATE('06/03/2021','MM/DD/YYYY'),21);
INSERT INTO PAYCHECK (PC_ID,PC_TAX_RATE,PC_GROSS_PAY,PC_NET_PAY,PC_HOURS_WORKED,PC_PAY_PERIOD_START,PC_PAY_PERIOD_END,EMP_ID)
VALUES (29,13,186,5,1,TO_DATE('04/26/2021','MM/DD/YYYY'),TO_DATE('06/01/2021','MM/DD/YYYY'),27);
INSERT INTO PAYCHECK (PC_ID,PC_TAX_RATE,PC_GROSS_PAY,PC_NET_PAY,PC_HOURS_WORKED,PC_PAY_PERIOD_START,PC_PAY_PERIOD_END,EMP_ID)
VALUES (30,11,134,3,1,TO_DATE('04/17/2021','MM/DD/YYYY'),TO_DATE('05/10/2021','MM/DD/YYYY'),19);
INSERT INTO PAYCHECK (PC_ID,PC_TAX_RATE,PC_GROSS_PAY,PC_NET_PAY,PC_HOURS_WORKED,PC_PAY_PERIOD_START,PC_PAY_PERIOD_END,EMP_ID)
VALUES (31,15,112,8,2,TO_DATE('04/15/2021','MM/DD/YYYY'),TO_DATE('05/30/2021','MM/DD/YYYY'),10);
INSERT INTO PAYCHECK (PC_ID,PC_TAX_RATE,PC_GROSS_PAY,PC_NET_PAY,PC_HOURS_WORKED,PC_PAY_PERIOD_START,PC_PAY_PERIOD_END,EMP_ID)
VALUES (32,10,170,8,4,TO_DATE('04/16/2021','MM/DD/YYYY'),TO_DATE('05/21/2021','MM/DD/YYYY'),6);
INSERT INTO PAYCHECK (PC_ID,PC_TAX_RATE,PC_GROSS_PAY,PC_NET_PAY,PC_HOURS_WORKED,PC_PAY_PERIOD_START,PC_PAY_PERIOD_END,EMP_ID)
VALUES (33,15,132,0,2,TO_DATE('05/03/2021','MM/DD/YYYY'),TO_DATE('05/30/2021','MM/DD/YYYY'),15);
INSERT INTO PAYCHECK (PC_ID,PC_TAX_RATE,PC_GROSS_PAY,PC_NET_PAY,PC_HOURS_WORKED,PC_PAY_PERIOD_START,PC_PAY_PERIOD_END,EMP_ID)
VALUES (34,11,182,3,1,TO_DATE('04/17/2021','MM/DD/YYYY'),TO_DATE('06/08/2021','MM/DD/YYYY'),15);
INSERT INTO PAYCHECK (PC_ID,PC_TAX_RATE,PC_GROSS_PAY,PC_NET_PAY,PC_HOURS_WORKED,PC_PAY_PERIOD_START,PC_PAY_PERIOD_END,EMP_ID)
VALUES (35,14,189,3,1,TO_DATE('04/23/2021','MM/DD/YYYY'),TO_DATE('05/17/2021','MM/DD/YYYY'),3);
INSERT INTO PAYCHECK (PC_ID,PC_TAX_RATE,PC_GROSS_PAY,PC_NET_PAY,PC_HOURS_WORKED,PC_PAY_PERIOD_START,PC_PAY_PERIOD_END,EMP_ID)
VALUES (36,12,122,1,4,TO_DATE('04/28/2021','MM/DD/YYYY'),TO_DATE('05/21/2021','MM/DD/YYYY'),28);
INSERT INTO PAYCHECK (PC_ID,PC_TAX_RATE,PC_GROSS_PAY,PC_NET_PAY,PC_HOURS_WORKED,PC_PAY_PERIOD_START,PC_PAY_PERIOD_END,EMP_ID)
VALUES (37,12,157,3,5,TO_DATE('04/10/2021','MM/DD/YYYY'),TO_DATE('05/28/2021','MM/DD/YYYY'),28);
INSERT INTO PAYCHECK (PC_ID,PC_TAX_RATE,PC_GROSS_PAY,PC_NET_PAY,PC_HOURS_WORKED,PC_PAY_PERIOD_START,PC_PAY_PERIOD_END,EMP_ID)
VALUES (38,14,141,3,2,TO_DATE('04/29/2021','MM/DD/YYYY'),TO_DATE('05/15/2021','MM/DD/YYYY'),19);
INSERT INTO PAYCHECK (PC_ID,PC_TAX_RATE,PC_GROSS_PAY,PC_NET_PAY,PC_HOURS_WORKED,PC_PAY_PERIOD_START,PC_PAY_PERIOD_END,EMP_ID)
VALUES (39,15,177,9,8,TO_DATE('04/11/2021','MM/DD/YYYY'),TO_DATE('06/03/2021','MM/DD/YYYY'),17);
INSERT INTO PAYCHECK (PC_ID,PC_TAX_RATE,PC_GROSS_PAY,PC_NET_PAY,PC_HOURS_WORKED,PC_PAY_PERIOD_START,PC_PAY_PERIOD_END,EMP_ID)
VALUES (40,14,104,2,10,TO_DATE('04/19/2021','MM/DD/YYYY'),TO_DATE('05/29/2021','MM/DD/YYYY'),3);
INSERT INTO PAYCHECK (PC_ID,PC_TAX_RATE,PC_GROSS_PAY,PC_NET_PAY,PC_HOURS_WORKED,PC_PAY_PERIOD_START,PC_PAY_PERIOD_END,EMP_ID)
VALUES (41,12,138,6,3,TO_DATE('05/04/2021','MM/DD/YYYY'),TO_DATE('05/27/2021','MM/DD/YYYY'),3);
INSERT INTO PAYCHECK (PC_ID,PC_TAX_RATE,PC_GROSS_PAY,PC_NET_PAY,PC_HOURS_WORKED,PC_PAY_PERIOD_START,PC_PAY_PERIOD_END,EMP_ID)
VALUES (42,12,123,9,7,TO_DATE('04/27/2021','MM/DD/YYYY'),TO_DATE('06/08/2021','MM/DD/YYYY'),27);
INSERT INTO PAYCHECK (PC_ID,PC_TAX_RATE,PC_GROSS_PAY,PC_NET_PAY,PC_HOURS_WORKED,PC_PAY_PERIOD_START,PC_PAY_PERIOD_END,EMP_ID)
VALUES (43,13,197,4,3,TO_DATE('05/01/2021','MM/DD/YYYY'),TO_DATE('05/30/2021','MM/DD/YYYY'),17);
INSERT INTO PAYCHECK (PC_ID,PC_TAX_RATE,PC_GROSS_PAY,PC_NET_PAY,PC_HOURS_WORKED,PC_PAY_PERIOD_START,PC_PAY_PERIOD_END,EMP_ID)
VALUES (44,11,133,8,6,TO_DATE('05/06/2021','MM/DD/YYYY'),TO_DATE('05/16/2021','MM/DD/YYYY'),23);
INSERT INTO PAYCHECK (PC_ID,PC_TAX_RATE,PC_GROSS_PAY,PC_NET_PAY,PC_HOURS_WORKED,PC_PAY_PERIOD_START,PC_PAY_PERIOD_END,EMP_ID)
VALUES (45,11,106,10,8,TO_DATE('04/18/2021','MM/DD/YYYY'),TO_DATE('05/09/2021','MM/DD/YYYY'),7);
INSERT INTO PAYCHECK (PC_ID,PC_TAX_RATE,PC_GROSS_PAY,PC_NET_PAY,PC_HOURS_WORKED,PC_PAY_PERIOD_START,PC_PAY_PERIOD_END,EMP_ID)
VALUES (46,15,133,4,0,TO_DATE('05/03/2021','MM/DD/YYYY'),TO_DATE('05/17/2021','MM/DD/YYYY'),28);
INSERT INTO PAYCHECK (PC_ID,PC_TAX_RATE,PC_GROSS_PAY,PC_NET_PAY,PC_HOURS_WORKED,PC_PAY_PERIOD_START,PC_PAY_PERIOD_END,EMP_ID)
VALUES (47,11,195,4,5,TO_DATE('04/14/2021','MM/DD/YYYY'),TO_DATE('05/10/2021','MM/DD/YYYY'),11);
INSERT INTO PAYCHECK (PC_ID,PC_TAX_RATE,PC_GROSS_PAY,PC_NET_PAY,PC_HOURS_WORKED,PC_PAY_PERIOD_START,PC_PAY_PERIOD_END,EMP_ID)
VALUES (48,14,107,2,9,TO_DATE('04/23/2021','MM/DD/YYYY'),TO_DATE('06/03/2021','MM/DD/YYYY'),27);
INSERT INTO PAYCHECK (PC_ID,PC_TAX_RATE,PC_GROSS_PAY,PC_NET_PAY,PC_HOURS_WORKED,PC_PAY_PERIOD_START,PC_PAY_PERIOD_END,EMP_ID)
VALUES (49,11,117,2,7,TO_DATE('05/02/2021','MM/DD/YYYY'),TO_DATE('05/28/2021','MM/DD/YYYY'),17);
INSERT INTO PAYCHECK (PC_ID,PC_TAX_RATE,PC_GROSS_PAY,PC_NET_PAY,PC_HOURS_WORKED,PC_PAY_PERIOD_START,PC_PAY_PERIOD_END,EMP_ID)
VALUES (50,11,160,3,5,TO_DATE('05/06/2021','MM/DD/YYYY'),TO_DATE('05/09/2021','MM/DD/YYYY'),14);
INSERT INTO PAYCHECK (PC_ID,PC_TAX_RATE,PC_GROSS_PAY,PC_NET_PAY,PC_HOURS_WORKED,PC_PAY_PERIOD_START,PC_PAY_PERIOD_END,EMP_ID)
VALUES (51,11,133,3,6,TO_DATE('04/21/2021','MM/DD/YYYY'),TO_DATE('06/07/2021','MM/DD/YYYY'),15);
INSERT INTO PAYCHECK (PC_ID,PC_TAX_RATE,PC_GROSS_PAY,PC_NET_PAY,PC_HOURS_WORKED,PC_PAY_PERIOD_START,PC_PAY_PERIOD_END,EMP_ID)
VALUES (52,14,137,8,9,TO_DATE('04/15/2021','MM/DD/YYYY'),TO_DATE('05/30/2021','MM/DD/YYYY'),27);
INSERT INTO PAYCHECK (PC_ID,PC_TAX_RATE,PC_GROSS_PAY,PC_NET_PAY,PC_HOURS_WORKED,PC_PAY_PERIOD_START,PC_PAY_PERIOD_END,EMP_ID)
VALUES (53,14,169,8,9,TO_DATE('05/07/2021','MM/DD/YYYY'),TO_DATE('05/23/2021','MM/DD/YYYY'),20);
INSERT INTO PAYCHECK (PC_ID,PC_TAX_RATE,PC_GROSS_PAY,PC_NET_PAY,PC_HOURS_WORKED,PC_PAY_PERIOD_START,PC_PAY_PERIOD_END,EMP_ID)
VALUES (54,12,188,1,4,TO_DATE('04/26/2021','MM/DD/YYYY'),TO_DATE('05/13/2021','MM/DD/YYYY'),16);
INSERT INTO PAYCHECK (PC_ID,PC_TAX_RATE,PC_GROSS_PAY,PC_NET_PAY,PC_HOURS_WORKED,PC_PAY_PERIOD_START,PC_PAY_PERIOD_END,EMP_ID)
VALUES (55,12,169,7,5,TO_DATE('04/19/2021','MM/DD/YYYY'),TO_DATE('06/03/2021','MM/DD/YYYY'),23);
INSERT INTO PAYCHECK (PC_ID,PC_TAX_RATE,PC_GROSS_PAY,PC_NET_PAY,PC_HOURS_WORKED,PC_PAY_PERIOD_START,PC_PAY_PERIOD_END,EMP_ID)
VALUES (56,15,104,3,4,TO_DATE('05/07/2021','MM/DD/YYYY'),TO_DATE('05/13/2021','MM/DD/YYYY'),21);
INSERT INTO PAYCHECK (PC_ID,PC_TAX_RATE,PC_GROSS_PAY,PC_NET_PAY,PC_HOURS_WORKED,PC_PAY_PERIOD_START,PC_PAY_PERIOD_END,EMP_ID)
VALUES (57,10,189,0,0,TO_DATE('05/04/2021','MM/DD/YYYY'),TO_DATE('05/12/2021','MM/DD/YYYY'),22);
INSERT INTO PAYCHECK (PC_ID,PC_TAX_RATE,PC_GROSS_PAY,PC_NET_PAY,PC_HOURS_WORKED,PC_PAY_PERIOD_START,PC_PAY_PERIOD_END,EMP_ID)
VALUES (58,15,122,6,0,TO_DATE('05/05/2021','MM/DD/YYYY'),TO_DATE('06/02/2021','MM/DD/YYYY'),20);
INSERT INTO PAYCHECK (PC_ID,PC_TAX_RATE,PC_GROSS_PAY,PC_NET_PAY,PC_HOURS_WORKED,PC_PAY_PERIOD_START,PC_PAY_PERIOD_END,EMP_ID)
VALUES (59,12,158,6,2,TO_DATE('04/19/2021','MM/DD/YYYY'),TO_DATE('06/02/2021','MM/DD/YYYY'),12);
INSERT INTO PAYCHECK (PC_ID,PC_TAX_RATE,PC_GROSS_PAY,PC_NET_PAY,PC_HOURS_WORKED,PC_PAY_PERIOD_START,PC_PAY_PERIOD_END,EMP_ID)
VALUES (60,11,143,4,7,TO_DATE('04/27/2021','MM/DD/YYYY'),TO_DATE('05/12/2021','MM/DD/YYYY'),17);
INSERT INTO PAYCHECK (PC_ID,PC_TAX_RATE,PC_GROSS_PAY,PC_NET_PAY,PC_HOURS_WORKED,PC_PAY_PERIOD_START,PC_PAY_PERIOD_END,EMP_ID)
VALUES (61,13,190,8,9,TO_DATE('04/19/2021','MM/DD/YYYY'),TO_DATE('05/14/2021','MM/DD/YYYY'),20);
INSERT INTO PAYCHECK (PC_ID,PC_TAX_RATE,PC_GROSS_PAY,PC_NET_PAY,PC_HOURS_WORKED,PC_PAY_PERIOD_START,PC_PAY_PERIOD_END,EMP_ID)
VALUES (62,14,152,4,6,TO_DATE('05/03/2021','MM/DD/YYYY'),TO_DATE('05/12/2021','MM/DD/YYYY'),16);
INSERT INTO PAYCHECK (PC_ID,PC_TAX_RATE,PC_GROSS_PAY,PC_NET_PAY,PC_HOURS_WORKED,PC_PAY_PERIOD_START,PC_PAY_PERIOD_END,EMP_ID)
VALUES (63,11,139,4,4,TO_DATE('04/30/2021','MM/DD/YYYY'),TO_DATE('05/08/2021','MM/DD/YYYY'),12);
INSERT INTO PAYCHECK (PC_ID,PC_TAX_RATE,PC_GROSS_PAY,PC_NET_PAY,PC_HOURS_WORKED,PC_PAY_PERIOD_START,PC_PAY_PERIOD_END,EMP_ID)
VALUES (64,13,193,3,5,TO_DATE('05/01/2021','MM/DD/YYYY'),TO_DATE('05/10/2021','MM/DD/YYYY'),3);
INSERT INTO PAYCHECK (PC_ID,PC_TAX_RATE,PC_GROSS_PAY,PC_NET_PAY,PC_HOURS_WORKED,PC_PAY_PERIOD_START,PC_PAY_PERIOD_END,EMP_ID)
VALUES (65,11,131,2,8,TO_DATE('04/16/2021','MM/DD/YYYY'),TO_DATE('05/26/2021','MM/DD/YYYY'),25);
INSERT INTO PAYCHECK (PC_ID,PC_TAX_RATE,PC_GROSS_PAY,PC_NET_PAY,PC_HOURS_WORKED,PC_PAY_PERIOD_START,PC_PAY_PERIOD_END,EMP_ID)
VALUES (66,15,122,1,7,TO_DATE('04/30/2021','MM/DD/YYYY'),TO_DATE('05/16/2021','MM/DD/YYYY'),2);
INSERT INTO PAYCHECK (PC_ID,PC_TAX_RATE,PC_GROSS_PAY,PC_NET_PAY,PC_HOURS_WORKED,PC_PAY_PERIOD_START,PC_PAY_PERIOD_END,EMP_ID)
VALUES (67,11,171,3,4,TO_DATE('04/11/2021','MM/DD/YYYY'),TO_DATE('05/25/2021','MM/DD/YYYY'),17);
INSERT INTO PAYCHECK (PC_ID,PC_TAX_RATE,PC_GROSS_PAY,PC_NET_PAY,PC_HOURS_WORKED,PC_PAY_PERIOD_START,PC_PAY_PERIOD_END,EMP_ID)
VALUES (68,14,116,1,8,TO_DATE('04/30/2021','MM/DD/YYYY'),TO_DATE('05/30/2021','MM/DD/YYYY'),15);
INSERT INTO PAYCHECK (PC_ID,PC_TAX_RATE,PC_GROSS_PAY,PC_NET_PAY,PC_HOURS_WORKED,PC_PAY_PERIOD_START,PC_PAY_PERIOD_END,EMP_ID)
VALUES (69,15,137,3,7,TO_DATE('04/13/2021','MM/DD/YYYY'),TO_DATE('06/07/2021','MM/DD/YYYY'),29);
INSERT INTO PAYCHECK (PC_ID,PC_TAX_RATE,PC_GROSS_PAY,PC_NET_PAY,PC_HOURS_WORKED,PC_PAY_PERIOD_START,PC_PAY_PERIOD_END,EMP_ID)
VALUES (70,11,195,5,9,TO_DATE('05/02/2021','MM/DD/YYYY'),TO_DATE('05/27/2021','MM/DD/YYYY'),3);
INSERT INTO PAYCHECK (PC_ID,PC_TAX_RATE,PC_GROSS_PAY,PC_NET_PAY,PC_HOURS_WORKED,PC_PAY_PERIOD_START,PC_PAY_PERIOD_END,EMP_ID)
VALUES (71,12,135,1,0,TO_DATE('04/30/2021','MM/DD/YYYY'),TO_DATE('05/20/2021','MM/DD/YYYY'),9);
INSERT INTO PAYCHECK (PC_ID,PC_TAX_RATE,PC_GROSS_PAY,PC_NET_PAY,PC_HOURS_WORKED,PC_PAY_PERIOD_START,PC_PAY_PERIOD_END,EMP_ID)
VALUES (72,13,195,2,8,TO_DATE('04/19/2021','MM/DD/YYYY'),TO_DATE('06/07/2021','MM/DD/YYYY'),4);
INSERT INTO PAYCHECK (PC_ID,PC_TAX_RATE,PC_GROSS_PAY,PC_NET_PAY,PC_HOURS_WORKED,PC_PAY_PERIOD_START,PC_PAY_PERIOD_END,EMP_ID)
VALUES (73,15,150,2,8,TO_DATE('04/25/2021','MM/DD/YYYY'),TO_DATE('05/26/2021','MM/DD/YYYY'),3);
INSERT INTO PAYCHECK (PC_ID,PC_TAX_RATE,PC_GROSS_PAY,PC_NET_PAY,PC_HOURS_WORKED,PC_PAY_PERIOD_START,PC_PAY_PERIOD_END,EMP_ID)
VALUES (74,13,177,7,10,TO_DATE('04/20/2021','MM/DD/YYYY'),TO_DATE('05/26/2021','MM/DD/YYYY'),1);
INSERT INTO PAYCHECK (PC_ID,PC_TAX_RATE,PC_GROSS_PAY,PC_NET_PAY,PC_HOURS_WORKED,PC_PAY_PERIOD_START,PC_PAY_PERIOD_END,EMP_ID)
VALUES (75,11,139,1,10,TO_DATE('04/11/2021','MM/DD/YYYY'),TO_DATE('05/11/2021','MM/DD/YYYY'),25);
INSERT INTO PAYCHECK (PC_ID,PC_TAX_RATE,PC_GROSS_PAY,PC_NET_PAY,PC_HOURS_WORKED,PC_PAY_PERIOD_START,PC_PAY_PERIOD_END,EMP_ID)
VALUES (76,11,160,0,2,TO_DATE('05/06/2021','MM/DD/YYYY'),TO_DATE('05/14/2021','MM/DD/YYYY'),16);
INSERT INTO PAYCHECK (PC_ID,PC_TAX_RATE,PC_GROSS_PAY,PC_NET_PAY,PC_HOURS_WORKED,PC_PAY_PERIOD_START,PC_PAY_PERIOD_END,EMP_ID)
VALUES (77,11,139,5,4,TO_DATE('04/21/2021','MM/DD/YYYY'),TO_DATE('06/06/2021','MM/DD/YYYY'),15);
INSERT INTO PAYCHECK (PC_ID,PC_TAX_RATE,PC_GROSS_PAY,PC_NET_PAY,PC_HOURS_WORKED,PC_PAY_PERIOD_START,PC_PAY_PERIOD_END,EMP_ID)
VALUES (78,10,155,7,9,TO_DATE('04/14/2021','MM/DD/YYYY'),TO_DATE('05/09/2021','MM/DD/YYYY'),14);
INSERT INTO PAYCHECK (PC_ID,PC_TAX_RATE,PC_GROSS_PAY,PC_NET_PAY,PC_HOURS_WORKED,PC_PAY_PERIOD_START,PC_PAY_PERIOD_END,EMP_ID)
VALUES (79,11,105,8,3,TO_DATE('05/02/2021','MM/DD/YYYY'),TO_DATE('06/01/2021','MM/DD/YYYY'),5);
INSERT INTO PAYCHECK (PC_ID,PC_TAX_RATE,PC_GROSS_PAY,PC_NET_PAY,PC_HOURS_WORKED,PC_PAY_PERIOD_START,PC_PAY_PERIOD_END,EMP_ID)
VALUES (80,13,108,9,6,TO_DATE('05/02/2021','MM/DD/YYYY'),TO_DATE('05/24/2021','MM/DD/YYYY'),15);
INSERT INTO PAYCHECK (PC_ID,PC_TAX_RATE,PC_GROSS_PAY,PC_NET_PAY,PC_HOURS_WORKED,PC_PAY_PERIOD_START,PC_PAY_PERIOD_END,EMP_ID)
VALUES (81,11,166,10,1,TO_DATE('05/01/2021','MM/DD/YYYY'),TO_DATE('05/24/2021','MM/DD/YYYY'),25);
INSERT INTO PAYCHECK (PC_ID,PC_TAX_RATE,PC_GROSS_PAY,PC_NET_PAY,PC_HOURS_WORKED,PC_PAY_PERIOD_START,PC_PAY_PERIOD_END,EMP_ID)
VALUES (82,13,129,8,0,TO_DATE('04/25/2021','MM/DD/YYYY'),TO_DATE('05/23/2021','MM/DD/YYYY'),14);
INSERT INTO PAYCHECK (PC_ID,PC_TAX_RATE,PC_GROSS_PAY,PC_NET_PAY,PC_HOURS_WORKED,PC_PAY_PERIOD_START,PC_PAY_PERIOD_END,EMP_ID)
VALUES (83,12,167,4,1,TO_DATE('04/26/2021','MM/DD/YYYY'),TO_DATE('05/27/2021','MM/DD/YYYY'),10);
INSERT INTO PAYCHECK (PC_ID,PC_TAX_RATE,PC_GROSS_PAY,PC_NET_PAY,PC_HOURS_WORKED,PC_PAY_PERIOD_START,PC_PAY_PERIOD_END,EMP_ID)
VALUES (84,12,122,2,10,TO_DATE('04/18/2021','MM/DD/YYYY'),TO_DATE('05/28/2021','MM/DD/YYYY'),12);
INSERT INTO PAYCHECK (PC_ID,PC_TAX_RATE,PC_GROSS_PAY,PC_NET_PAY,PC_HOURS_WORKED,PC_PAY_PERIOD_START,PC_PAY_PERIOD_END,EMP_ID)
VALUES (85,12,131,4,3,TO_DATE('04/24/2021','MM/DD/YYYY'),TO_DATE('06/07/2021','MM/DD/YYYY'),4);
INSERT INTO PAYCHECK (PC_ID,PC_TAX_RATE,PC_GROSS_PAY,PC_NET_PAY,PC_HOURS_WORKED,PC_PAY_PERIOD_START,PC_PAY_PERIOD_END,EMP_ID)
VALUES (86,14,112,9,9,TO_DATE('04/29/2021','MM/DD/YYYY'),TO_DATE('06/08/2021','MM/DD/YYYY'),14);
INSERT INTO PAYCHECK (PC_ID,PC_TAX_RATE,PC_GROSS_PAY,PC_NET_PAY,PC_HOURS_WORKED,PC_PAY_PERIOD_START,PC_PAY_PERIOD_END,EMP_ID)
VALUES (87,12,177,3,10,TO_DATE('05/06/2021','MM/DD/YYYY'),TO_DATE('05/13/2021','MM/DD/YYYY'),20);
INSERT INTO PAYCHECK (PC_ID,PC_TAX_RATE,PC_GROSS_PAY,PC_NET_PAY,PC_HOURS_WORKED,PC_PAY_PERIOD_START,PC_PAY_PERIOD_END,EMP_ID)
VALUES (88,14,174,4,5,TO_DATE('04/13/2021','MM/DD/YYYY'),TO_DATE('05/26/2021','MM/DD/YYYY'),29);
INSERT INTO PAYCHECK (PC_ID,PC_TAX_RATE,PC_GROSS_PAY,PC_NET_PAY,PC_HOURS_WORKED,PC_PAY_PERIOD_START,PC_PAY_PERIOD_END,EMP_ID)
VALUES (89,11,120,4,7,TO_DATE('04/24/2021','MM/DD/YYYY'),TO_DATE('05/20/2021','MM/DD/YYYY'),16);
INSERT INTO PAYCHECK (PC_ID,PC_TAX_RATE,PC_GROSS_PAY,PC_NET_PAY,PC_HOURS_WORKED,PC_PAY_PERIOD_START,PC_PAY_PERIOD_END,EMP_ID)
VALUES (90,13,183,2,7,TO_DATE('04/29/2021','MM/DD/YYYY'),TO_DATE('05/30/2021','MM/DD/YYYY'),15);
INSERT INTO PAYCHECK (PC_ID,PC_TAX_RATE,PC_GROSS_PAY,PC_NET_PAY,PC_HOURS_WORKED,PC_PAY_PERIOD_START,PC_PAY_PERIOD_END,EMP_ID)
VALUES (91,15,173,5,9,TO_DATE('04/16/2021','MM/DD/YYYY'),TO_DATE('05/12/2021','MM/DD/YYYY'),3);
INSERT INTO PAYCHECK (PC_ID,PC_TAX_RATE,PC_GROSS_PAY,PC_NET_PAY,PC_HOURS_WORKED,PC_PAY_PERIOD_START,PC_PAY_PERIOD_END,EMP_ID)
VALUES (92,12,106,7,5,TO_DATE('05/05/2021','MM/DD/YYYY'),TO_DATE('05/28/2021','MM/DD/YYYY'),30);
INSERT INTO PAYCHECK (PC_ID,PC_TAX_RATE,PC_GROSS_PAY,PC_NET_PAY,PC_HOURS_WORKED,PC_PAY_PERIOD_START,PC_PAY_PERIOD_END,EMP_ID)
VALUES (93,10,145,1,0,TO_DATE('04/15/2021','MM/DD/YYYY'),TO_DATE('06/02/2021','MM/DD/YYYY'),13);
INSERT INTO PAYCHECK (PC_ID,PC_TAX_RATE,PC_GROSS_PAY,PC_NET_PAY,PC_HOURS_WORKED,PC_PAY_PERIOD_START,PC_PAY_PERIOD_END,EMP_ID)
VALUES (94,14,140,3,9,TO_DATE('04/20/2021','MM/DD/YYYY'),TO_DATE('05/16/2021','MM/DD/YYYY'),21);
INSERT INTO PAYCHECK (PC_ID,PC_TAX_RATE,PC_GROSS_PAY,PC_NET_PAY,PC_HOURS_WORKED,PC_PAY_PERIOD_START,PC_PAY_PERIOD_END,EMP_ID)
VALUES (95,14,109,2,7,TO_DATE('04/20/2021','MM/DD/YYYY'),TO_DATE('05/25/2021','MM/DD/YYYY'),27);
INSERT INTO PAYCHECK (PC_ID,PC_TAX_RATE,PC_GROSS_PAY,PC_NET_PAY,PC_HOURS_WORKED,PC_PAY_PERIOD_START,PC_PAY_PERIOD_END,EMP_ID)
VALUES (96,13,128,8,5,TO_DATE('05/03/2021','MM/DD/YYYY'),TO_DATE('05/09/2021','MM/DD/YYYY'),26);
INSERT INTO PAYCHECK (PC_ID,PC_TAX_RATE,PC_GROSS_PAY,PC_NET_PAY,PC_HOURS_WORKED,PC_PAY_PERIOD_START,PC_PAY_PERIOD_END,EMP_ID)
VALUES (97,13,122,7,8,TO_DATE('05/05/2021','MM/DD/YYYY'),TO_DATE('06/07/2021','MM/DD/YYYY'),27);
INSERT INTO PAYCHECK (PC_ID,PC_TAX_RATE,PC_GROSS_PAY,PC_NET_PAY,PC_HOURS_WORKED,PC_PAY_PERIOD_START,PC_PAY_PERIOD_END,EMP_ID)
VALUES (98,14,115,4,2,TO_DATE('04/21/2021','MM/DD/YYYY'),TO_DATE('06/02/2021','MM/DD/YYYY'),17);
INSERT INTO PAYCHECK (PC_ID,PC_TAX_RATE,PC_GROSS_PAY,PC_NET_PAY,PC_HOURS_WORKED,PC_PAY_PERIOD_START,PC_PAY_PERIOD_END,EMP_ID)
VALUES (99,12,163,1,4,TO_DATE('04/17/2021','MM/DD/YYYY'),TO_DATE('06/04/2021','MM/DD/YYYY'),3);
INSERT INTO PAYCHECK (PC_ID,PC_TAX_RATE,PC_GROSS_PAY,PC_NET_PAY,PC_HOURS_WORKED,PC_PAY_PERIOD_START,PC_PAY_PERIOD_END,EMP_ID)
VALUES (100,12,104,2,2,TO_DATE('05/04/2021','MM/DD/YYYY'),TO_DATE('05/28/2021','MM/DD/YYYY'),28);
INSERT INTO PAYCHECK (PC_ID,PC_TAX_RATE,PC_GROSS_PAY,PC_NET_PAY,PC_HOURS_WORKED,PC_PAY_PERIOD_START,PC_PAY_PERIOD_END,EMP_ID)
VALUES (101,12,167,1,9,TO_DATE('04/30/2021','MM/DD/YYYY'),TO_DATE('05/10/2021','MM/DD/YYYY'),3);
INSERT INTO PAYCHECK (PC_ID,PC_TAX_RATE,PC_GROSS_PAY,PC_NET_PAY,PC_HOURS_WORKED,PC_PAY_PERIOD_START,PC_PAY_PERIOD_END,EMP_ID)
VALUES (102,14,191,2,3,TO_DATE('04/14/2021','MM/DD/YYYY'),TO_DATE('06/08/2021','MM/DD/YYYY'),12);
INSERT INTO PAYCHECK (PC_ID,PC_TAX_RATE,PC_GROSS_PAY,PC_NET_PAY,PC_HOURS_WORKED,PC_PAY_PERIOD_START,PC_PAY_PERIOD_END,EMP_ID)
VALUES (103,15,161,3,2,TO_DATE('04/21/2021','MM/DD/YYYY'),TO_DATE('06/07/2021','MM/DD/YYYY'),30);
INSERT INTO PAYCHECK (PC_ID,PC_TAX_RATE,PC_GROSS_PAY,PC_NET_PAY,PC_HOURS_WORKED,PC_PAY_PERIOD_START,PC_PAY_PERIOD_END,EMP_ID)
VALUES (104,12,142,9,2,TO_DATE('04/14/2021','MM/DD/YYYY'),TO_DATE('05/16/2021','MM/DD/YYYY'),3);
INSERT INTO PAYCHECK (PC_ID,PC_TAX_RATE,PC_GROSS_PAY,PC_NET_PAY,PC_HOURS_WORKED,PC_PAY_PERIOD_START,PC_PAY_PERIOD_END,EMP_ID)
VALUES (105,14,178,6,1,TO_DATE('04/19/2021','MM/DD/YYYY'),TO_DATE('06/04/2021','MM/DD/YYYY'),30);
INSERT INTO PAYCHECK (PC_ID,PC_TAX_RATE,PC_GROSS_PAY,PC_NET_PAY,PC_HOURS_WORKED,PC_PAY_PERIOD_START,PC_PAY_PERIOD_END,EMP_ID)
VALUES (106,11,100,5,6,TO_DATE('04/08/2021','MM/DD/YYYY'),TO_DATE('05/16/2021','MM/DD/YYYY'),23);
INSERT INTO PAYCHECK (PC_ID,PC_TAX_RATE,PC_GROSS_PAY,PC_NET_PAY,PC_HOURS_WORKED,PC_PAY_PERIOD_START,PC_PAY_PERIOD_END,EMP_ID)
VALUES (107,14,139,2,4,TO_DATE('05/05/2021','MM/DD/YYYY'),TO_DATE('05/16/2021','MM/DD/YYYY'),5);
INSERT INTO PAYCHECK (PC_ID,PC_TAX_RATE,PC_GROSS_PAY,PC_NET_PAY,PC_HOURS_WORKED,PC_PAY_PERIOD_START,PC_PAY_PERIOD_END,EMP_ID)
VALUES (108,13,159,10,9,TO_DATE('05/06/2021','MM/DD/YYYY'),TO_DATE('06/07/2021','MM/DD/YYYY'),20);
INSERT INTO PAYCHECK (PC_ID,PC_TAX_RATE,PC_GROSS_PAY,PC_NET_PAY,PC_HOURS_WORKED,PC_PAY_PERIOD_START,PC_PAY_PERIOD_END,EMP_ID)
VALUES (109,12,176,1,4,TO_DATE('04/23/2021','MM/DD/YYYY'),TO_DATE('05/25/2021','MM/DD/YYYY'),21);
INSERT INTO PAYCHECK (PC_ID,PC_TAX_RATE,PC_GROSS_PAY,PC_NET_PAY,PC_HOURS_WORKED,PC_PAY_PERIOD_START,PC_PAY_PERIOD_END,EMP_ID)
VALUES (110,12,129,6,3,TO_DATE('04/13/2021','MM/DD/YYYY'),TO_DATE('05/13/2021','MM/DD/YYYY'),6);
INSERT INTO PAYCHECK (PC_ID,PC_TAX_RATE,PC_GROSS_PAY,PC_NET_PAY,PC_HOURS_WORKED,PC_PAY_PERIOD_START,PC_PAY_PERIOD_END,EMP_ID)
VALUES (111,15,186,2,3,TO_DATE('04/25/2021','MM/DD/YYYY'),TO_DATE('06/01/2021','MM/DD/YYYY'),3);
INSERT INTO PAYCHECK (PC_ID,PC_TAX_RATE,PC_GROSS_PAY,PC_NET_PAY,PC_HOURS_WORKED,PC_PAY_PERIOD_START,PC_PAY_PERIOD_END,EMP_ID)
VALUES (112,14,149,6,10,TO_DATE('05/07/2021','MM/DD/YYYY'),TO_DATE('05/16/2021','MM/DD/YYYY'),12);
INSERT INTO PAYCHECK (PC_ID,PC_TAX_RATE,PC_GROSS_PAY,PC_NET_PAY,PC_HOURS_WORKED,PC_PAY_PERIOD_START,PC_PAY_PERIOD_END,EMP_ID)
VALUES (113,15,132,8,2,TO_DATE('04/18/2021','MM/DD/YYYY'),TO_DATE('05/27/2021','MM/DD/YYYY'),17);
INSERT INTO PAYCHECK (PC_ID,PC_TAX_RATE,PC_GROSS_PAY,PC_NET_PAY,PC_HOURS_WORKED,PC_PAY_PERIOD_START,PC_PAY_PERIOD_END,EMP_ID)
VALUES (114,15,143,3,9,TO_DATE('04/19/2021','MM/DD/YYYY'),TO_DATE('05/29/2021','MM/DD/YYYY'),9);
INSERT INTO PAYCHECK (PC_ID,PC_TAX_RATE,PC_GROSS_PAY,PC_NET_PAY,PC_HOURS_WORKED,PC_PAY_PERIOD_START,PC_PAY_PERIOD_END,EMP_ID)
VALUES (115,11,166,8,3,TO_DATE('04/11/2021','MM/DD/YYYY'),TO_DATE('05/23/2021','MM/DD/YYYY'),5);
INSERT INTO PAYCHECK (PC_ID,PC_TAX_RATE,PC_GROSS_PAY,PC_NET_PAY,PC_HOURS_WORKED,PC_PAY_PERIOD_START,PC_PAY_PERIOD_END,EMP_ID)
VALUES (116,15,106,10,8,TO_DATE('04/12/2021','MM/DD/YYYY'),TO_DATE('06/01/2021','MM/DD/YYYY'),29);
INSERT INTO PAYCHECK (PC_ID,PC_TAX_RATE,PC_GROSS_PAY,PC_NET_PAY,PC_HOURS_WORKED,PC_PAY_PERIOD_START,PC_PAY_PERIOD_END,EMP_ID)
VALUES (117,15,146,9,8,TO_DATE('04/17/2021','MM/DD/YYYY'),TO_DATE('05/24/2021','MM/DD/YYYY'),26);
INSERT INTO PAYCHECK (PC_ID,PC_TAX_RATE,PC_GROSS_PAY,PC_NET_PAY,PC_HOURS_WORKED,PC_PAY_PERIOD_START,PC_PAY_PERIOD_END,EMP_ID)
VALUES (118,14,135,2,5,TO_DATE('05/02/2021','MM/DD/YYYY'),TO_DATE('06/07/2021','MM/DD/YYYY'),15);
INSERT INTO PAYCHECK (PC_ID,PC_TAX_RATE,PC_GROSS_PAY,PC_NET_PAY,PC_HOURS_WORKED,PC_PAY_PERIOD_START,PC_PAY_PERIOD_END,EMP_ID)
VALUES (119,13,189,9,9,TO_DATE('05/04/2021','MM/DD/YYYY'),TO_DATE('05/27/2021','MM/DD/YYYY'),26);
INSERT INTO PAYCHECK (PC_ID,PC_TAX_RATE,PC_GROSS_PAY,PC_NET_PAY,PC_HOURS_WORKED,PC_PAY_PERIOD_START,PC_PAY_PERIOD_END,EMP_ID)
VALUES (120,11,133,2,7,TO_DATE('04/14/2021','MM/DD/YYYY'),TO_DATE('05/16/2021','MM/DD/YYYY'),14);
INSERT INTO PAYCHECK (PC_ID,PC_TAX_RATE,PC_GROSS_PAY,PC_NET_PAY,PC_HOURS_WORKED,PC_PAY_PERIOD_START,PC_PAY_PERIOD_END,EMP_ID)
VALUES (121,15,156,4,1,TO_DATE('04/25/2021','MM/DD/YYYY'),TO_DATE('05/11/2021','MM/DD/YYYY'),14);
INSERT INTO PAYCHECK (PC_ID,PC_TAX_RATE,PC_GROSS_PAY,PC_NET_PAY,PC_HOURS_WORKED,PC_PAY_PERIOD_START,PC_PAY_PERIOD_END,EMP_ID)
VALUES (122,15,104,5,3,TO_DATE('05/03/2021','MM/DD/YYYY'),TO_DATE('05/24/2021','MM/DD/YYYY'),9);
INSERT INTO PAYCHECK (PC_ID,PC_TAX_RATE,PC_GROSS_PAY,PC_NET_PAY,PC_HOURS_WORKED,PC_PAY_PERIOD_START,PC_PAY_PERIOD_END,EMP_ID)
VALUES (123,12,134,4,8,TO_DATE('04/09/2021','MM/DD/YYYY'),TO_DATE('05/23/2021','MM/DD/YYYY'),25);
INSERT INTO PAYCHECK (PC_ID,PC_TAX_RATE,PC_GROSS_PAY,PC_NET_PAY,PC_HOURS_WORKED,PC_PAY_PERIOD_START,PC_PAY_PERIOD_END,EMP_ID)
VALUES (124,12,139,9,1,TO_DATE('04/14/2021','MM/DD/YYYY'),TO_DATE('05/23/2021','MM/DD/YYYY'),4);
INSERT INTO PAYCHECK (PC_ID,PC_TAX_RATE,PC_GROSS_PAY,PC_NET_PAY,PC_HOURS_WORKED,PC_PAY_PERIOD_START,PC_PAY_PERIOD_END,EMP_ID)
VALUES (125,14,104,5,3,TO_DATE('04/14/2021','MM/DD/YYYY'),TO_DATE('06/07/2021','MM/DD/YYYY'),27);
INSERT INTO PAYCHECK (PC_ID,PC_TAX_RATE,PC_GROSS_PAY,PC_NET_PAY,PC_HOURS_WORKED,PC_PAY_PERIOD_START,PC_PAY_PERIOD_END,EMP_ID)
VALUES (126,15,129,1,5,TO_DATE('04/30/2021','MM/DD/YYYY'),TO_DATE('05/25/2021','MM/DD/YYYY'),11);
INSERT INTO PAYCHECK (PC_ID,PC_TAX_RATE,PC_GROSS_PAY,PC_NET_PAY,PC_HOURS_WORKED,PC_PAY_PERIOD_START,PC_PAY_PERIOD_END,EMP_ID)
VALUES (127,13,106,1,8,TO_DATE('04/16/2021','MM/DD/YYYY'),TO_DATE('05/18/2021','MM/DD/YYYY'),14);
INSERT INTO PAYCHECK (PC_ID,PC_TAX_RATE,PC_GROSS_PAY,PC_NET_PAY,PC_HOURS_WORKED,PC_PAY_PERIOD_START,PC_PAY_PERIOD_END,EMP_ID)
VALUES (128,12,114,2,3,TO_DATE('04/12/2021','MM/DD/YYYY'),TO_DATE('05/23/2021','MM/DD/YYYY'),1);
INSERT INTO PAYCHECK (PC_ID,PC_TAX_RATE,PC_GROSS_PAY,PC_NET_PAY,PC_HOURS_WORKED,PC_PAY_PERIOD_START,PC_PAY_PERIOD_END,EMP_ID)
VALUES (129,12,114,7,5,TO_DATE('04/29/2021','MM/DD/YYYY'),TO_DATE('05/23/2021','MM/DD/YYYY'),13);
INSERT INTO PAYCHECK (PC_ID,PC_TAX_RATE,PC_GROSS_PAY,PC_NET_PAY,PC_HOURS_WORKED,PC_PAY_PERIOD_START,PC_PAY_PERIOD_END,EMP_ID)
VALUES (130,13,163,2,7,TO_DATE('04/28/2021','MM/DD/YYYY'),TO_DATE('05/11/2021','MM/DD/YYYY'),27);
INSERT INTO PAYCHECK (PC_ID,PC_TAX_RATE,PC_GROSS_PAY,PC_NET_PAY,PC_HOURS_WORKED,PC_PAY_PERIOD_START,PC_PAY_PERIOD_END,EMP_ID)
VALUES (131,14,104,9,1,TO_DATE('04/20/2021','MM/DD/YYYY'),TO_DATE('05/28/2021','MM/DD/YYYY'),4);
INSERT INTO PAYCHECK (PC_ID,PC_TAX_RATE,PC_GROSS_PAY,PC_NET_PAY,PC_HOURS_WORKED,PC_PAY_PERIOD_START,PC_PAY_PERIOD_END,EMP_ID)
VALUES (132,11,193,1,5,TO_DATE('04/25/2021','MM/DD/YYYY'),TO_DATE('05/14/2021','MM/DD/YYYY'),12);
INSERT INTO PAYCHECK (PC_ID,PC_TAX_RATE,PC_GROSS_PAY,PC_NET_PAY,PC_HOURS_WORKED,PC_PAY_PERIOD_START,PC_PAY_PERIOD_END,EMP_ID)
VALUES (133,12,198,4,10,TO_DATE('04/11/2021','MM/DD/YYYY'),TO_DATE('05/14/2021','MM/DD/YYYY'),19);
INSERT INTO PAYCHECK (PC_ID,PC_TAX_RATE,PC_GROSS_PAY,PC_NET_PAY,PC_HOURS_WORKED,PC_PAY_PERIOD_START,PC_PAY_PERIOD_END,EMP_ID)
VALUES (134,12,173,2,2,TO_DATE('04/24/2021','MM/DD/YYYY'),TO_DATE('05/19/2021','MM/DD/YYYY'),7);
INSERT INTO PAYCHECK (PC_ID,PC_TAX_RATE,PC_GROSS_PAY,PC_NET_PAY,PC_HOURS_WORKED,PC_PAY_PERIOD_START,PC_PAY_PERIOD_END,EMP_ID)
VALUES (135,13,158,7,5,TO_DATE('04/15/2021','MM/DD/YYYY'),TO_DATE('05/24/2021','MM/DD/YYYY'),3);
INSERT INTO PAYCHECK (PC_ID,PC_TAX_RATE,PC_GROSS_PAY,PC_NET_PAY,PC_HOURS_WORKED,PC_PAY_PERIOD_START,PC_PAY_PERIOD_END,EMP_ID)
VALUES (136,14,117,5,9,TO_DATE('04/19/2021','MM/DD/YYYY'),TO_DATE('05/29/2021','MM/DD/YYYY'),3);
INSERT INTO PAYCHECK (PC_ID,PC_TAX_RATE,PC_GROSS_PAY,PC_NET_PAY,PC_HOURS_WORKED,PC_PAY_PERIOD_START,PC_PAY_PERIOD_END,EMP_ID)
VALUES (137,12,118,7,9,TO_DATE('04/27/2021','MM/DD/YYYY'),TO_DATE('05/13/2021','MM/DD/YYYY'),25);
INSERT INTO PAYCHECK (PC_ID,PC_TAX_RATE,PC_GROSS_PAY,PC_NET_PAY,PC_HOURS_WORKED,PC_PAY_PERIOD_START,PC_PAY_PERIOD_END,EMP_ID)
VALUES (138,14,108,10,1,TO_DATE('04/14/2021','MM/DD/YYYY'),TO_DATE('05/17/2021','MM/DD/YYYY'),5);
INSERT INTO PAYCHECK (PC_ID,PC_TAX_RATE,PC_GROSS_PAY,PC_NET_PAY,PC_HOURS_WORKED,PC_PAY_PERIOD_START,PC_PAY_PERIOD_END,EMP_ID)
VALUES (139,12,130,7,2,TO_DATE('04/11/2021','MM/DD/YYYY'),TO_DATE('05/21/2021','MM/DD/YYYY'),7);
INSERT INTO PAYCHECK (PC_ID,PC_TAX_RATE,PC_GROSS_PAY,PC_NET_PAY,PC_HOURS_WORKED,PC_PAY_PERIOD_START,PC_PAY_PERIOD_END,EMP_ID)
VALUES (140,12,190,8,7,TO_DATE('04/25/2021','MM/DD/YYYY'),TO_DATE('05/21/2021','MM/DD/YYYY'),13);
INSERT INTO PAYCHECK (PC_ID,PC_TAX_RATE,PC_GROSS_PAY,PC_NET_PAY,PC_HOURS_WORKED,PC_PAY_PERIOD_START,PC_PAY_PERIOD_END,EMP_ID)
VALUES (141,10,173,3,7,TO_DATE('04/20/2021','MM/DD/YYYY'),TO_DATE('05/31/2021','MM/DD/YYYY'),18);
INSERT INTO PAYCHECK (PC_ID,PC_TAX_RATE,PC_GROSS_PAY,PC_NET_PAY,PC_HOURS_WORKED,PC_PAY_PERIOD_START,PC_PAY_PERIOD_END,EMP_ID)
VALUES (142,14,101,5,5,TO_DATE('05/01/2021','MM/DD/YYYY'),TO_DATE('05/20/2021','MM/DD/YYYY'),13);
INSERT INTO PAYCHECK (PC_ID,PC_TAX_RATE,PC_GROSS_PAY,PC_NET_PAY,PC_HOURS_WORKED,PC_PAY_PERIOD_START,PC_PAY_PERIOD_END,EMP_ID)
VALUES (143,12,160,7,2,TO_DATE('04/19/2021','MM/DD/YYYY'),TO_DATE('06/05/2021','MM/DD/YYYY'),15);
INSERT INTO PAYCHECK (PC_ID,PC_TAX_RATE,PC_GROSS_PAY,PC_NET_PAY,PC_HOURS_WORKED,PC_PAY_PERIOD_START,PC_PAY_PERIOD_END,EMP_ID)
VALUES (144,14,109,8,1,TO_DATE('04/16/2021','MM/DD/YYYY'),TO_DATE('05/25/2021','MM/DD/YYYY'),15);
INSERT INTO PAYCHECK (PC_ID,PC_TAX_RATE,PC_GROSS_PAY,PC_NET_PAY,PC_HOURS_WORKED,PC_PAY_PERIOD_START,PC_PAY_PERIOD_END,EMP_ID)
VALUES (145,11,117,1,7,TO_DATE('04/23/2021','MM/DD/YYYY'),TO_DATE('05/17/2021','MM/DD/YYYY'),23);
INSERT INTO PAYCHECK (PC_ID,PC_TAX_RATE,PC_GROSS_PAY,PC_NET_PAY,PC_HOURS_WORKED,PC_PAY_PERIOD_START,PC_PAY_PERIOD_END,EMP_ID)
VALUES (146,14,168,2,3,TO_DATE('04/14/2021','MM/DD/YYYY'),TO_DATE('05/26/2021','MM/DD/YYYY'),16);
INSERT INTO PAYCHECK (PC_ID,PC_TAX_RATE,PC_GROSS_PAY,PC_NET_PAY,PC_HOURS_WORKED,PC_PAY_PERIOD_START,PC_PAY_PERIOD_END,EMP_ID)
VALUES (147,14,143,8,2,TO_DATE('05/06/2021','MM/DD/YYYY'),TO_DATE('06/04/2021','MM/DD/YYYY'),3);
INSERT INTO PAYCHECK (PC_ID,PC_TAX_RATE,PC_GROSS_PAY,PC_NET_PAY,PC_HOURS_WORKED,PC_PAY_PERIOD_START,PC_PAY_PERIOD_END,EMP_ID)
VALUES (148,11,155,0,2,TO_DATE('04/17/2021','MM/DD/YYYY'),TO_DATE('05/29/2021','MM/DD/YYYY'),28);
INSERT INTO PAYCHECK (PC_ID,PC_TAX_RATE,PC_GROSS_PAY,PC_NET_PAY,PC_HOURS_WORKED,PC_PAY_PERIOD_START,PC_PAY_PERIOD_END,EMP_ID)
VALUES (149,14,115,5,5,TO_DATE('04/13/2021','MM/DD/YYYY'),TO_DATE('06/07/2021','MM/DD/YYYY'),14);
INSERT INTO PAYCHECK (PC_ID,PC_TAX_RATE,PC_GROSS_PAY,PC_NET_PAY,PC_HOURS_WORKED,PC_PAY_PERIOD_START,PC_PAY_PERIOD_END,EMP_ID)
VALUES (150,13,190,8,4,TO_DATE('04/10/2021','MM/DD/YYYY'),TO_DATE('05/20/2021','MM/DD/YYYY'),25);
INSERT INTO PAYCHECK (PC_ID,PC_TAX_RATE,PC_GROSS_PAY,PC_NET_PAY,PC_HOURS_WORKED,PC_PAY_PERIOD_START,PC_PAY_PERIOD_END,EMP_ID)
VALUES (151,12,171,8,9,TO_DATE('04/08/2021','MM/DD/YYYY'),TO_DATE('05/30/2021','MM/DD/YYYY'),12);
INSERT INTO PAYCHECK (PC_ID,PC_TAX_RATE,PC_GROSS_PAY,PC_NET_PAY,PC_HOURS_WORKED,PC_PAY_PERIOD_START,PC_PAY_PERIOD_END,EMP_ID)
VALUES (152,13,126,8,8,TO_DATE('04/23/2021','MM/DD/YYYY'),TO_DATE('05/26/2021','MM/DD/YYYY'),20);
INSERT INTO PAYCHECK (PC_ID,PC_TAX_RATE,PC_GROSS_PAY,PC_NET_PAY,PC_HOURS_WORKED,PC_PAY_PERIOD_START,PC_PAY_PERIOD_END,EMP_ID)
VALUES (153,11,143,8,4,TO_DATE('04/17/2021','MM/DD/YYYY'),TO_DATE('06/04/2021','MM/DD/YYYY'),6);
INSERT INTO PAYCHECK (PC_ID,PC_TAX_RATE,PC_GROSS_PAY,PC_NET_PAY,PC_HOURS_WORKED,PC_PAY_PERIOD_START,PC_PAY_PERIOD_END,EMP_ID)
VALUES (154,11,183,1,6,TO_DATE('04/09/2021','MM/DD/YYYY'),TO_DATE('05/17/2021','MM/DD/YYYY'),21);
INSERT INTO PAYCHECK (PC_ID,PC_TAX_RATE,PC_GROSS_PAY,PC_NET_PAY,PC_HOURS_WORKED,PC_PAY_PERIOD_START,PC_PAY_PERIOD_END,EMP_ID)
VALUES (155,14,193,7,8,TO_DATE('04/25/2021','MM/DD/YYYY'),TO_DATE('05/25/2021','MM/DD/YYYY'),11);
INSERT INTO PAYCHECK (PC_ID,PC_TAX_RATE,PC_GROSS_PAY,PC_NET_PAY,PC_HOURS_WORKED,PC_PAY_PERIOD_START,PC_PAY_PERIOD_END,EMP_ID)
VALUES (156,14,124,5,7,TO_DATE('05/03/2021','MM/DD/YYYY'),TO_DATE('05/29/2021','MM/DD/YYYY'),13);
INSERT INTO PAYCHECK (PC_ID,PC_TAX_RATE,PC_GROSS_PAY,PC_NET_PAY,PC_HOURS_WORKED,PC_PAY_PERIOD_START,PC_PAY_PERIOD_END,EMP_ID)
VALUES (157,15,117,6,4,TO_DATE('04/18/2021','MM/DD/YYYY'),TO_DATE('06/04/2021','MM/DD/YYYY'),18);
INSERT INTO PAYCHECK (PC_ID,PC_TAX_RATE,PC_GROSS_PAY,PC_NET_PAY,PC_HOURS_WORKED,PC_PAY_PERIOD_START,PC_PAY_PERIOD_END,EMP_ID)
VALUES (158,10,169,1,0,TO_DATE('04/20/2021','MM/DD/YYYY'),TO_DATE('05/30/2021','MM/DD/YYYY'),2);
INSERT INTO PAYCHECK (PC_ID,PC_TAX_RATE,PC_GROSS_PAY,PC_NET_PAY,PC_HOURS_WORKED,PC_PAY_PERIOD_START,PC_PAY_PERIOD_END,EMP_ID)
VALUES (159,11,140,3,1,TO_DATE('04/10/2021','MM/DD/YYYY'),TO_DATE('05/31/2021','MM/DD/YYYY'),12);
INSERT INTO PAYCHECK (PC_ID,PC_TAX_RATE,PC_GROSS_PAY,PC_NET_PAY,PC_HOURS_WORKED,PC_PAY_PERIOD_START,PC_PAY_PERIOD_END,EMP_ID)
VALUES (160,15,120,0,2,TO_DATE('05/07/2021','MM/DD/YYYY'),TO_DATE('05/28/2021','MM/DD/YYYY'),15);
INSERT INTO PAYCHECK (PC_ID,PC_TAX_RATE,PC_GROSS_PAY,PC_NET_PAY,PC_HOURS_WORKED,PC_PAY_PERIOD_START,PC_PAY_PERIOD_END,EMP_ID)
VALUES (161,12,138,6,9,TO_DATE('05/04/2021','MM/DD/YYYY'),TO_DATE('05/09/2021','MM/DD/YYYY'),21);
INSERT INTO PAYCHECK (PC_ID,PC_TAX_RATE,PC_GROSS_PAY,PC_NET_PAY,PC_HOURS_WORKED,PC_PAY_PERIOD_START,PC_PAY_PERIOD_END,EMP_ID)
VALUES (162,14,130,4,10,TO_DATE('04/10/2021','MM/DD/YYYY'),TO_DATE('05/12/2021','MM/DD/YYYY'),18);
INSERT INTO PAYCHECK (PC_ID,PC_TAX_RATE,PC_GROSS_PAY,PC_NET_PAY,PC_HOURS_WORKED,PC_PAY_PERIOD_START,PC_PAY_PERIOD_END,EMP_ID)
VALUES (163,12,199,7,3,TO_DATE('04/18/2021','MM/DD/YYYY'),TO_DATE('05/25/2021','MM/DD/YYYY'),6);
INSERT INTO PAYCHECK (PC_ID,PC_TAX_RATE,PC_GROSS_PAY,PC_NET_PAY,PC_HOURS_WORKED,PC_PAY_PERIOD_START,PC_PAY_PERIOD_END,EMP_ID)
VALUES (164,13,147,7,5,TO_DATE('04/27/2021','MM/DD/YYYY'),TO_DATE('05/17/2021','MM/DD/YYYY'),4);
INSERT INTO PAYCHECK (PC_ID,PC_TAX_RATE,PC_GROSS_PAY,PC_NET_PAY,PC_HOURS_WORKED,PC_PAY_PERIOD_START,PC_PAY_PERIOD_END,EMP_ID)
VALUES (165,15,122,4,10,TO_DATE('04/22/2021','MM/DD/YYYY'),TO_DATE('05/15/2021','MM/DD/YYYY'),29);
INSERT INTO PAYCHECK (PC_ID,PC_TAX_RATE,PC_GROSS_PAY,PC_NET_PAY,PC_HOURS_WORKED,PC_PAY_PERIOD_START,PC_PAY_PERIOD_END,EMP_ID)
VALUES (166,12,147,6,9,TO_DATE('04/18/2021','MM/DD/YYYY'),TO_DATE('06/02/2021','MM/DD/YYYY'),27);
INSERT INTO PAYCHECK (PC_ID,PC_TAX_RATE,PC_GROSS_PAY,PC_NET_PAY,PC_HOURS_WORKED,PC_PAY_PERIOD_START,PC_PAY_PERIOD_END,EMP_ID)
VALUES (167,11,108,0,3,TO_DATE('04/11/2021','MM/DD/YYYY'),TO_DATE('05/30/2021','MM/DD/YYYY'),7);
INSERT INTO PAYCHECK (PC_ID,PC_TAX_RATE,PC_GROSS_PAY,PC_NET_PAY,PC_HOURS_WORKED,PC_PAY_PERIOD_START,PC_PAY_PERIOD_END,EMP_ID)
VALUES (168,12,136,8,8,TO_DATE('04/18/2021','MM/DD/YYYY'),TO_DATE('05/30/2021','MM/DD/YYYY'),12);
INSERT INTO PAYCHECK (PC_ID,PC_TAX_RATE,PC_GROSS_PAY,PC_NET_PAY,PC_HOURS_WORKED,PC_PAY_PERIOD_START,PC_PAY_PERIOD_END,EMP_ID)
VALUES (169,14,159,1,7,TO_DATE('04/18/2021','MM/DD/YYYY'),TO_DATE('06/05/2021','MM/DD/YYYY'),22);
INSERT INTO PAYCHECK (PC_ID,PC_TAX_RATE,PC_GROSS_PAY,PC_NET_PAY,PC_HOURS_WORKED,PC_PAY_PERIOD_START,PC_PAY_PERIOD_END,EMP_ID)
VALUES (170,10,167,5,8,TO_DATE('05/08/2021','MM/DD/YYYY'),TO_DATE('05/20/2021','MM/DD/YYYY'),19);
INSERT INTO PAYCHECK (PC_ID,PC_TAX_RATE,PC_GROSS_PAY,PC_NET_PAY,PC_HOURS_WORKED,PC_PAY_PERIOD_START,PC_PAY_PERIOD_END,EMP_ID)
VALUES (171,11,114,8,6,TO_DATE('04/12/2021','MM/DD/YYYY'),TO_DATE('06/03/2021','MM/DD/YYYY'),18);
INSERT INTO PAYCHECK (PC_ID,PC_TAX_RATE,PC_GROSS_PAY,PC_NET_PAY,PC_HOURS_WORKED,PC_PAY_PERIOD_START,PC_PAY_PERIOD_END,EMP_ID)
VALUES (172,13,169,1,4,TO_DATE('04/10/2021','MM/DD/YYYY'),TO_DATE('05/19/2021','MM/DD/YYYY'),27);
INSERT INTO PAYCHECK (PC_ID,PC_TAX_RATE,PC_GROSS_PAY,PC_NET_PAY,PC_HOURS_WORKED,PC_PAY_PERIOD_START,PC_PAY_PERIOD_END,EMP_ID)
VALUES (173,11,177,4,2,TO_DATE('05/03/2021','MM/DD/YYYY'),TO_DATE('05/10/2021','MM/DD/YYYY'),4);
INSERT INTO PAYCHECK (PC_ID,PC_TAX_RATE,PC_GROSS_PAY,PC_NET_PAY,PC_HOURS_WORKED,PC_PAY_PERIOD_START,PC_PAY_PERIOD_END,EMP_ID)
VALUES (174,14,128,3,7,TO_DATE('04/27/2021','MM/DD/YYYY'),TO_DATE('05/12/2021','MM/DD/YYYY'),17);
INSERT INTO PAYCHECK (PC_ID,PC_TAX_RATE,PC_GROSS_PAY,PC_NET_PAY,PC_HOURS_WORKED,PC_PAY_PERIOD_START,PC_PAY_PERIOD_END,EMP_ID)
VALUES (175,11,195,3,8,TO_DATE('04/28/2021','MM/DD/YYYY'),TO_DATE('05/20/2021','MM/DD/YYYY'),29);
INSERT INTO PAYCHECK (PC_ID,PC_TAX_RATE,PC_GROSS_PAY,PC_NET_PAY,PC_HOURS_WORKED,PC_PAY_PERIOD_START,PC_PAY_PERIOD_END,EMP_ID)
VALUES (176,11,141,6,5,TO_DATE('04/10/2021','MM/DD/YYYY'),TO_DATE('06/04/2021','MM/DD/YYYY'),19);
INSERT INTO PAYCHECK (PC_ID,PC_TAX_RATE,PC_GROSS_PAY,PC_NET_PAY,PC_HOURS_WORKED,PC_PAY_PERIOD_START,PC_PAY_PERIOD_END,EMP_ID)
VALUES (177,14,113,10,8,TO_DATE('04/26/2021','MM/DD/YYYY'),TO_DATE('06/04/2021','MM/DD/YYYY'),23);
INSERT INTO PAYCHECK (PC_ID,PC_TAX_RATE,PC_GROSS_PAY,PC_NET_PAY,PC_HOURS_WORKED,PC_PAY_PERIOD_START,PC_PAY_PERIOD_END,EMP_ID)
VALUES (178,12,188,3,9,TO_DATE('04/20/2021','MM/DD/YYYY'),TO_DATE('05/25/2021','MM/DD/YYYY'),5);
INSERT INTO PAYCHECK (PC_ID,PC_TAX_RATE,PC_GROSS_PAY,PC_NET_PAY,PC_HOURS_WORKED,PC_PAY_PERIOD_START,PC_PAY_PERIOD_END,EMP_ID)
VALUES (179,13,153,0,8,TO_DATE('04/11/2021','MM/DD/YYYY'),TO_DATE('05/18/2021','MM/DD/YYYY'),22);
INSERT INTO PAYCHECK (PC_ID,PC_TAX_RATE,PC_GROSS_PAY,PC_NET_PAY,PC_HOURS_WORKED,PC_PAY_PERIOD_START,PC_PAY_PERIOD_END,EMP_ID)
VALUES (180,12,123,6,10,TO_DATE('04/15/2021','MM/DD/YYYY'),TO_DATE('05/11/2021','MM/DD/YYYY'),24);
INSERT INTO PAYCHECK (PC_ID,PC_TAX_RATE,PC_GROSS_PAY,PC_NET_PAY,PC_HOURS_WORKED,PC_PAY_PERIOD_START,PC_PAY_PERIOD_END,EMP_ID)
VALUES (181,14,158,1,2,TO_DATE('05/01/2021','MM/DD/YYYY'),TO_DATE('05/19/2021','MM/DD/YYYY'),12);
INSERT INTO PAYCHECK (PC_ID,PC_TAX_RATE,PC_GROSS_PAY,PC_NET_PAY,PC_HOURS_WORKED,PC_PAY_PERIOD_START,PC_PAY_PERIOD_END,EMP_ID)
VALUES (182,14,146,6,8,TO_DATE('05/05/2021','MM/DD/YYYY'),TO_DATE('05/08/2021','MM/DD/YYYY'),2);
INSERT INTO PAYCHECK (PC_ID,PC_TAX_RATE,PC_GROSS_PAY,PC_NET_PAY,PC_HOURS_WORKED,PC_PAY_PERIOD_START,PC_PAY_PERIOD_END,EMP_ID)
VALUES (183,10,109,4,10,TO_DATE('04/11/2021','MM/DD/YYYY'),TO_DATE('06/03/2021','MM/DD/YYYY'),9);
INSERT INTO PAYCHECK (PC_ID,PC_TAX_RATE,PC_GROSS_PAY,PC_NET_PAY,PC_HOURS_WORKED,PC_PAY_PERIOD_START,PC_PAY_PERIOD_END,EMP_ID)
VALUES (184,11,136,7,9,TO_DATE('04/12/2021','MM/DD/YYYY'),TO_DATE('05/08/2021','MM/DD/YYYY'),11);
INSERT INTO PAYCHECK (PC_ID,PC_TAX_RATE,PC_GROSS_PAY,PC_NET_PAY,PC_HOURS_WORKED,PC_PAY_PERIOD_START,PC_PAY_PERIOD_END,EMP_ID)
VALUES (185,12,138,3,2,TO_DATE('04/16/2021','MM/DD/YYYY'),TO_DATE('05/17/2021','MM/DD/YYYY'),2);
INSERT INTO PAYCHECK (PC_ID,PC_TAX_RATE,PC_GROSS_PAY,PC_NET_PAY,PC_HOURS_WORKED,PC_PAY_PERIOD_START,PC_PAY_PERIOD_END,EMP_ID)
VALUES (186,12,132,2,1,TO_DATE('04/14/2021','MM/DD/YYYY'),TO_DATE('05/24/2021','MM/DD/YYYY'),29);
INSERT INTO PAYCHECK (PC_ID,PC_TAX_RATE,PC_GROSS_PAY,PC_NET_PAY,PC_HOURS_WORKED,PC_PAY_PERIOD_START,PC_PAY_PERIOD_END,EMP_ID)
VALUES (187,13,152,9,1,TO_DATE('04/21/2021','MM/DD/YYYY'),TO_DATE('05/31/2021','MM/DD/YYYY'),2);
INSERT INTO PAYCHECK (PC_ID,PC_TAX_RATE,PC_GROSS_PAY,PC_NET_PAY,PC_HOURS_WORKED,PC_PAY_PERIOD_START,PC_PAY_PERIOD_END,EMP_ID)
VALUES (188,15,178,8,7,TO_DATE('05/07/2021','MM/DD/YYYY'),TO_DATE('05/31/2021','MM/DD/YYYY'),11);
INSERT INTO PAYCHECK (PC_ID,PC_TAX_RATE,PC_GROSS_PAY,PC_NET_PAY,PC_HOURS_WORKED,PC_PAY_PERIOD_START,PC_PAY_PERIOD_END,EMP_ID)
VALUES (189,12,187,10,1,TO_DATE('04/08/2021','MM/DD/YYYY'),TO_DATE('06/06/2021','MM/DD/YYYY'),10);
INSERT INTO PAYCHECK (PC_ID,PC_TAX_RATE,PC_GROSS_PAY,PC_NET_PAY,PC_HOURS_WORKED,PC_PAY_PERIOD_START,PC_PAY_PERIOD_END,EMP_ID)
VALUES (190,14,177,2,10,TO_DATE('04/22/2021','MM/DD/YYYY'),TO_DATE('05/15/2021','MM/DD/YYYY'),5);
INSERT INTO PAYCHECK (PC_ID,PC_TAX_RATE,PC_GROSS_PAY,PC_NET_PAY,PC_HOURS_WORKED,PC_PAY_PERIOD_START,PC_PAY_PERIOD_END,EMP_ID)
VALUES (191,11,159,6,3,TO_DATE('04/18/2021','MM/DD/YYYY'),TO_DATE('05/31/2021','MM/DD/YYYY'),15);
INSERT INTO PAYCHECK (PC_ID,PC_TAX_RATE,PC_GROSS_PAY,PC_NET_PAY,PC_HOURS_WORKED,PC_PAY_PERIOD_START,PC_PAY_PERIOD_END,EMP_ID)
VALUES (192,13,129,9,1,TO_DATE('05/07/2021','MM/DD/YYYY'),TO_DATE('05/24/2021','MM/DD/YYYY'),22);
INSERT INTO PAYCHECK (PC_ID,PC_TAX_RATE,PC_GROSS_PAY,PC_NET_PAY,PC_HOURS_WORKED,PC_PAY_PERIOD_START,PC_PAY_PERIOD_END,EMP_ID)
VALUES (193,11,131,1,7,TO_DATE('04/17/2021','MM/DD/YYYY'),TO_DATE('05/25/2021','MM/DD/YYYY'),27);
INSERT INTO PAYCHECK (PC_ID,PC_TAX_RATE,PC_GROSS_PAY,PC_NET_PAY,PC_HOURS_WORKED,PC_PAY_PERIOD_START,PC_PAY_PERIOD_END,EMP_ID)
VALUES (194,11,121,6,9,TO_DATE('04/10/2021','MM/DD/YYYY'),TO_DATE('06/02/2021','MM/DD/YYYY'),15);
INSERT INTO PAYCHECK (PC_ID,PC_TAX_RATE,PC_GROSS_PAY,PC_NET_PAY,PC_HOURS_WORKED,PC_PAY_PERIOD_START,PC_PAY_PERIOD_END,EMP_ID)
VALUES (195,12,194,1,4,TO_DATE('04/26/2021','MM/DD/YYYY'),TO_DATE('05/25/2021','MM/DD/YYYY'),8);
INSERT INTO PAYCHECK (PC_ID,PC_TAX_RATE,PC_GROSS_PAY,PC_NET_PAY,PC_HOURS_WORKED,PC_PAY_PERIOD_START,PC_PAY_PERIOD_END,EMP_ID)
VALUES (196,11,154,7,7,TO_DATE('04/23/2021','MM/DD/YYYY'),TO_DATE('05/25/2021','MM/DD/YYYY'),21);
INSERT INTO PAYCHECK (PC_ID,PC_TAX_RATE,PC_GROSS_PAY,PC_NET_PAY,PC_HOURS_WORKED,PC_PAY_PERIOD_START,PC_PAY_PERIOD_END,EMP_ID)
VALUES (197,13,154,4,7,TO_DATE('04/24/2021','MM/DD/YYYY'),TO_DATE('05/17/2021','MM/DD/YYYY'),11);
INSERT INTO PAYCHECK (PC_ID,PC_TAX_RATE,PC_GROSS_PAY,PC_NET_PAY,PC_HOURS_WORKED,PC_PAY_PERIOD_START,PC_PAY_PERIOD_END,EMP_ID)
VALUES (198,14,169,10,7,TO_DATE('04/26/2021','MM/DD/YYYY'),TO_DATE('06/03/2021','MM/DD/YYYY'),25);
INSERT INTO PAYCHECK (PC_ID,PC_TAX_RATE,PC_GROSS_PAY,PC_NET_PAY,PC_HOURS_WORKED,PC_PAY_PERIOD_START,PC_PAY_PERIOD_END,EMP_ID)
VALUES (199,14,189,10,6,TO_DATE('04/09/2021','MM/DD/YYYY'),TO_DATE('06/02/2021','MM/DD/YYYY'),22);
INSERT INTO PAYCHECK (PC_ID,PC_TAX_RATE,PC_GROSS_PAY,PC_NET_PAY,PC_HOURS_WORKED,PC_PAY_PERIOD_START,PC_PAY_PERIOD_END,EMP_ID)
VALUES (200,11,113,6,6,TO_DATE('04/09/2021','MM/DD/YYYY'),TO_DATE('05/16/2021','MM/DD/YYYY'),1);
INSERT INTO PAYCHECK (PC_ID,PC_TAX_RATE,PC_GROSS_PAY,PC_NET_PAY,PC_HOURS_WORKED,PC_PAY_PERIOD_START,PC_PAY_PERIOD_END,EMP_ID)
VALUES (201,13,109,5,1,TO_DATE('04/22/2021','MM/DD/YYYY'),TO_DATE('06/02/2021','MM/DD/YYYY'),4);
INSERT INTO PAYCHECK (PC_ID,PC_TAX_RATE,PC_GROSS_PAY,PC_NET_PAY,PC_HOURS_WORKED,PC_PAY_PERIOD_START,PC_PAY_PERIOD_END,EMP_ID)
VALUES (202,13,141,2,8,TO_DATE('05/04/2021','MM/DD/YYYY'),TO_DATE('05/19/2021','MM/DD/YYYY'),9);
INSERT INTO PAYCHECK (PC_ID,PC_TAX_RATE,PC_GROSS_PAY,PC_NET_PAY,PC_HOURS_WORKED,PC_PAY_PERIOD_START,PC_PAY_PERIOD_END,EMP_ID)
VALUES (203,13,195,5,2,TO_DATE('05/06/2021','MM/DD/YYYY'),TO_DATE('05/22/2021','MM/DD/YYYY'),21);
INSERT INTO PAYCHECK (PC_ID,PC_TAX_RATE,PC_GROSS_PAY,PC_NET_PAY,PC_HOURS_WORKED,PC_PAY_PERIOD_START,PC_PAY_PERIOD_END,EMP_ID)
VALUES (204,11,175,6,8,TO_DATE('04/24/2021','MM/DD/YYYY'),TO_DATE('05/10/2021','MM/DD/YYYY'),23);
INSERT INTO PAYCHECK (PC_ID,PC_TAX_RATE,PC_GROSS_PAY,PC_NET_PAY,PC_HOURS_WORKED,PC_PAY_PERIOD_START,PC_PAY_PERIOD_END,EMP_ID)
VALUES (205,14,191,2,4,TO_DATE('04/21/2021','MM/DD/YYYY'),TO_DATE('05/11/2021','MM/DD/YYYY'),17);
INSERT INTO PAYCHECK (PC_ID,PC_TAX_RATE,PC_GROSS_PAY,PC_NET_PAY,PC_HOURS_WORKED,PC_PAY_PERIOD_START,PC_PAY_PERIOD_END,EMP_ID)
VALUES (206,10,189,6,6,TO_DATE('04/17/2021','MM/DD/YYYY'),TO_DATE('06/05/2021','MM/DD/YYYY'),15);
INSERT INTO PAYCHECK (PC_ID,PC_TAX_RATE,PC_GROSS_PAY,PC_NET_PAY,PC_HOURS_WORKED,PC_PAY_PERIOD_START,PC_PAY_PERIOD_END,EMP_ID)
VALUES (207,13,191,7,6,TO_DATE('05/05/2021','MM/DD/YYYY'),TO_DATE('06/05/2021','MM/DD/YYYY'),11);
INSERT INTO PAYCHECK (PC_ID,PC_TAX_RATE,PC_GROSS_PAY,PC_NET_PAY,PC_HOURS_WORKED,PC_PAY_PERIOD_START,PC_PAY_PERIOD_END,EMP_ID)
VALUES (208,15,131,6,5,TO_DATE('04/27/2021','MM/DD/YYYY'),TO_DATE('06/03/2021','MM/DD/YYYY'),5);
INSERT INTO PAYCHECK (PC_ID,PC_TAX_RATE,PC_GROSS_PAY,PC_NET_PAY,PC_HOURS_WORKED,PC_PAY_PERIOD_START,PC_PAY_PERIOD_END,EMP_ID)
VALUES (209,12,194,4,3,TO_DATE('04/29/2021','MM/DD/YYYY'),TO_DATE('05/09/2021','MM/DD/YYYY'),16);
INSERT INTO PAYCHECK (PC_ID,PC_TAX_RATE,PC_GROSS_PAY,PC_NET_PAY,PC_HOURS_WORKED,PC_PAY_PERIOD_START,PC_PAY_PERIOD_END,EMP_ID)
VALUES (210,10,127,4,1,TO_DATE('04/23/2021','MM/DD/YYYY'),TO_DATE('05/30/2021','MM/DD/YYYY'),28);
INSERT INTO PAYCHECK (PC_ID,PC_TAX_RATE,PC_GROSS_PAY,PC_NET_PAY,PC_HOURS_WORKED,PC_PAY_PERIOD_START,PC_PAY_PERIOD_END,EMP_ID)
VALUES (211,14,147,2,8,TO_DATE('04/26/2021','MM/DD/YYYY'),TO_DATE('05/11/2021','MM/DD/YYYY'),17);
INSERT INTO PAYCHECK (PC_ID,PC_TAX_RATE,PC_GROSS_PAY,PC_NET_PAY,PC_HOURS_WORKED,PC_PAY_PERIOD_START,PC_PAY_PERIOD_END,EMP_ID)
VALUES (212,12,140,2,9,TO_DATE('04/19/2021','MM/DD/YYYY'),TO_DATE('05/15/2021','MM/DD/YYYY'),27);
INSERT INTO PAYCHECK (PC_ID,PC_TAX_RATE,PC_GROSS_PAY,PC_NET_PAY,PC_HOURS_WORKED,PC_PAY_PERIOD_START,PC_PAY_PERIOD_END,EMP_ID)
VALUES (213,15,138,3,0,TO_DATE('04/21/2021','MM/DD/YYYY'),TO_DATE('05/29/2021','MM/DD/YYYY'),27);
INSERT INTO PAYCHECK (PC_ID,PC_TAX_RATE,PC_GROSS_PAY,PC_NET_PAY,PC_HOURS_WORKED,PC_PAY_PERIOD_START,PC_PAY_PERIOD_END,EMP_ID)
VALUES (214,12,112,3,5,TO_DATE('04/28/2021','MM/DD/YYYY'),TO_DATE('05/11/2021','MM/DD/YYYY'),25);
INSERT INTO PAYCHECK (PC_ID,PC_TAX_RATE,PC_GROSS_PAY,PC_NET_PAY,PC_HOURS_WORKED,PC_PAY_PERIOD_START,PC_PAY_PERIOD_END,EMP_ID)
VALUES (215,10,127,4,3,TO_DATE('04/28/2021','MM/DD/YYYY'),TO_DATE('05/13/2021','MM/DD/YYYY'),25);
INSERT INTO PAYCHECK (PC_ID,PC_TAX_RATE,PC_GROSS_PAY,PC_NET_PAY,PC_HOURS_WORKED,PC_PAY_PERIOD_START,PC_PAY_PERIOD_END,EMP_ID)
VALUES (216,12,155,4,5,TO_DATE('05/03/2021','MM/DD/YYYY'),TO_DATE('05/29/2021','MM/DD/YYYY'),22);
INSERT INTO PAYCHECK (PC_ID,PC_TAX_RATE,PC_GROSS_PAY,PC_NET_PAY,PC_HOURS_WORKED,PC_PAY_PERIOD_START,PC_PAY_PERIOD_END,EMP_ID)
VALUES (217,10,111,3,6,TO_DATE('04/11/2021','MM/DD/YYYY'),TO_DATE('06/02/2021','MM/DD/YYYY'),9);
INSERT INTO PAYCHECK (PC_ID,PC_TAX_RATE,PC_GROSS_PAY,PC_NET_PAY,PC_HOURS_WORKED,PC_PAY_PERIOD_START,PC_PAY_PERIOD_END,EMP_ID)
VALUES (218,13,182,5,5,TO_DATE('04/09/2021','MM/DD/YYYY'),TO_DATE('06/01/2021','MM/DD/YYYY'),19);
INSERT INTO PAYCHECK (PC_ID,PC_TAX_RATE,PC_GROSS_PAY,PC_NET_PAY,PC_HOURS_WORKED,PC_PAY_PERIOD_START,PC_PAY_PERIOD_END,EMP_ID)
VALUES (219,14,192,1,10,TO_DATE('05/04/2021','MM/DD/YYYY'),TO_DATE('05/25/2021','MM/DD/YYYY'),6);
INSERT INTO PAYCHECK (PC_ID,PC_TAX_RATE,PC_GROSS_PAY,PC_NET_PAY,PC_HOURS_WORKED,PC_PAY_PERIOD_START,PC_PAY_PERIOD_END,EMP_ID)
VALUES (220,10,148,4,3,TO_DATE('04/21/2021','MM/DD/YYYY'),TO_DATE('05/15/2021','MM/DD/YYYY'),8);
INSERT INTO PAYCHECK (PC_ID,PC_TAX_RATE,PC_GROSS_PAY,PC_NET_PAY,PC_HOURS_WORKED,PC_PAY_PERIOD_START,PC_PAY_PERIOD_END,EMP_ID)
VALUES (221,14,185,3,8,TO_DATE('04/09/2021','MM/DD/YYYY'),TO_DATE('05/08/2021','MM/DD/YYYY'),21);
INSERT INTO PAYCHECK (PC_ID,PC_TAX_RATE,PC_GROSS_PAY,PC_NET_PAY,PC_HOURS_WORKED,PC_PAY_PERIOD_START,PC_PAY_PERIOD_END,EMP_ID)
VALUES (222,12,156,8,1,TO_DATE('05/07/2021','MM/DD/YYYY'),TO_DATE('05/22/2021','MM/DD/YYYY'),29);
INSERT INTO PAYCHECK (PC_ID,PC_TAX_RATE,PC_GROSS_PAY,PC_NET_PAY,PC_HOURS_WORKED,PC_PAY_PERIOD_START,PC_PAY_PERIOD_END,EMP_ID)
VALUES (223,10,164,5,3,TO_DATE('04/14/2021','MM/DD/YYYY'),TO_DATE('06/06/2021','MM/DD/YYYY'),11);
INSERT INTO PAYCHECK (PC_ID,PC_TAX_RATE,PC_GROSS_PAY,PC_NET_PAY,PC_HOURS_WORKED,PC_PAY_PERIOD_START,PC_PAY_PERIOD_END,EMP_ID)
VALUES (224,11,183,8,2,TO_DATE('04/17/2021','MM/DD/YYYY'),TO_DATE('05/08/2021','MM/DD/YYYY'),4);
INSERT INTO PAYCHECK (PC_ID,PC_TAX_RATE,PC_GROSS_PAY,PC_NET_PAY,PC_HOURS_WORKED,PC_PAY_PERIOD_START,PC_PAY_PERIOD_END,EMP_ID)
VALUES (225,13,154,9,9,TO_DATE('04/25/2021','MM/DD/YYYY'),TO_DATE('06/06/2021','MM/DD/YYYY'),9);
INSERT INTO PAYCHECK (PC_ID,PC_TAX_RATE,PC_GROSS_PAY,PC_NET_PAY,PC_HOURS_WORKED,PC_PAY_PERIOD_START,PC_PAY_PERIOD_END,EMP_ID)
VALUES (226,12,104,5,1,TO_DATE('04/30/2021','MM/DD/YYYY'),TO_DATE('05/09/2021','MM/DD/YYYY'),16);
INSERT INTO PAYCHECK (PC_ID,PC_TAX_RATE,PC_GROSS_PAY,PC_NET_PAY,PC_HOURS_WORKED,PC_PAY_PERIOD_START,PC_PAY_PERIOD_END,EMP_ID)
VALUES (227,14,128,4,6,TO_DATE('05/01/2021','MM/DD/YYYY'),TO_DATE('05/10/2021','MM/DD/YYYY'),14);
INSERT INTO PAYCHECK (PC_ID,PC_TAX_RATE,PC_GROSS_PAY,PC_NET_PAY,PC_HOURS_WORKED,PC_PAY_PERIOD_START,PC_PAY_PERIOD_END,EMP_ID)
VALUES (228,14,103,9,8,TO_DATE('05/05/2021','MM/DD/YYYY'),TO_DATE('05/13/2021','MM/DD/YYYY'),27);
INSERT INTO PAYCHECK (PC_ID,PC_TAX_RATE,PC_GROSS_PAY,PC_NET_PAY,PC_HOURS_WORKED,PC_PAY_PERIOD_START,PC_PAY_PERIOD_END,EMP_ID)
VALUES (229,14,133,0,5,TO_DATE('04/22/2021','MM/DD/YYYY'),TO_DATE('05/11/2021','MM/DD/YYYY'),5);
INSERT INTO PAYCHECK (PC_ID,PC_TAX_RATE,PC_GROSS_PAY,PC_NET_PAY,PC_HOURS_WORKED,PC_PAY_PERIOD_START,PC_PAY_PERIOD_END,EMP_ID)
VALUES (230,10,162,10,8,TO_DATE('04/15/2021','MM/DD/YYYY'),TO_DATE('05/20/2021','MM/DD/YYYY'),9);
INSERT INTO PAYCHECK (PC_ID,PC_TAX_RATE,PC_GROSS_PAY,PC_NET_PAY,PC_HOURS_WORKED,PC_PAY_PERIOD_START,PC_PAY_PERIOD_END,EMP_ID)
VALUES (231,11,119,5,4,TO_DATE('05/02/2021','MM/DD/YYYY'),TO_DATE('05/23/2021','MM/DD/YYYY'),11);
INSERT INTO PAYCHECK (PC_ID,PC_TAX_RATE,PC_GROSS_PAY,PC_NET_PAY,PC_HOURS_WORKED,PC_PAY_PERIOD_START,PC_PAY_PERIOD_END,EMP_ID)
VALUES (232,12,155,8,9,TO_DATE('05/02/2021','MM/DD/YYYY'),TO_DATE('05/16/2021','MM/DD/YYYY'),17);
INSERT INTO PAYCHECK (PC_ID,PC_TAX_RATE,PC_GROSS_PAY,PC_NET_PAY,PC_HOURS_WORKED,PC_PAY_PERIOD_START,PC_PAY_PERIOD_END,EMP_ID)
VALUES (233,11,133,9,0,TO_DATE('04/13/2021','MM/DD/YYYY'),TO_DATE('05/19/2021','MM/DD/YYYY'),23);
INSERT INTO PAYCHECK (PC_ID,PC_TAX_RATE,PC_GROSS_PAY,PC_NET_PAY,PC_HOURS_WORKED,PC_PAY_PERIOD_START,PC_PAY_PERIOD_END,EMP_ID)
VALUES (234,14,157,9,3,TO_DATE('04/14/2021','MM/DD/YYYY'),TO_DATE('05/20/2021','MM/DD/YYYY'),10);
INSERT INTO PAYCHECK (PC_ID,PC_TAX_RATE,PC_GROSS_PAY,PC_NET_PAY,PC_HOURS_WORKED,PC_PAY_PERIOD_START,PC_PAY_PERIOD_END,EMP_ID)
VALUES (235,10,165,4,10,TO_DATE('04/30/2021','MM/DD/YYYY'),TO_DATE('05/26/2021','MM/DD/YYYY'),6);
INSERT INTO PAYCHECK (PC_ID,PC_TAX_RATE,PC_GROSS_PAY,PC_NET_PAY,PC_HOURS_WORKED,PC_PAY_PERIOD_START,PC_PAY_PERIOD_END,EMP_ID)
VALUES (236,10,159,4,7,TO_DATE('04/15/2021','MM/DD/YYYY'),TO_DATE('05/13/2021','MM/DD/YYYY'),22);
INSERT INTO PAYCHECK (PC_ID,PC_TAX_RATE,PC_GROSS_PAY,PC_NET_PAY,PC_HOURS_WORKED,PC_PAY_PERIOD_START,PC_PAY_PERIOD_END,EMP_ID)
VALUES (237,11,127,3,5,TO_DATE('04/25/2021','MM/DD/YYYY'),TO_DATE('05/30/2021','MM/DD/YYYY'),12);
INSERT INTO PAYCHECK (PC_ID,PC_TAX_RATE,PC_GROSS_PAY,PC_NET_PAY,PC_HOURS_WORKED,PC_PAY_PERIOD_START,PC_PAY_PERIOD_END,EMP_ID)
VALUES (238,11,133,1,2,TO_DATE('04/15/2021','MM/DD/YYYY'),TO_DATE('05/14/2021','MM/DD/YYYY'),9);
INSERT INTO PAYCHECK (PC_ID,PC_TAX_RATE,PC_GROSS_PAY,PC_NET_PAY,PC_HOURS_WORKED,PC_PAY_PERIOD_START,PC_PAY_PERIOD_END,EMP_ID)
VALUES (239,11,179,2,8,TO_DATE('04/12/2021','MM/DD/YYYY'),TO_DATE('05/19/2021','MM/DD/YYYY'),15);
INSERT INTO PAYCHECK (PC_ID,PC_TAX_RATE,PC_GROSS_PAY,PC_NET_PAY,PC_HOURS_WORKED,PC_PAY_PERIOD_START,PC_PAY_PERIOD_END,EMP_ID)
VALUES (240,11,163,10,3,TO_DATE('04/14/2021','MM/DD/YYYY'),TO_DATE('06/04/2021','MM/DD/YYYY'),9);
INSERT INTO PAYCHECK (PC_ID,PC_TAX_RATE,PC_GROSS_PAY,PC_NET_PAY,PC_HOURS_WORKED,PC_PAY_PERIOD_START,PC_PAY_PERIOD_END,EMP_ID)
VALUES (241,11,118,1,3,TO_DATE('05/01/2021','MM/DD/YYYY'),TO_DATE('05/17/2021','MM/DD/YYYY'),24);
INSERT INTO PAYCHECK (PC_ID,PC_TAX_RATE,PC_GROSS_PAY,PC_NET_PAY,PC_HOURS_WORKED,PC_PAY_PERIOD_START,PC_PAY_PERIOD_END,EMP_ID)
VALUES (242,14,113,1,3,TO_DATE('04/28/2021','MM/DD/YYYY'),TO_DATE('05/30/2021','MM/DD/YYYY'),14);
INSERT INTO PAYCHECK (PC_ID,PC_TAX_RATE,PC_GROSS_PAY,PC_NET_PAY,PC_HOURS_WORKED,PC_PAY_PERIOD_START,PC_PAY_PERIOD_END,EMP_ID)
VALUES (243,15,150,8,3,TO_DATE('04/20/2021','MM/DD/YYYY'),TO_DATE('05/26/2021','MM/DD/YYYY'),3);
INSERT INTO PAYCHECK (PC_ID,PC_TAX_RATE,PC_GROSS_PAY,PC_NET_PAY,PC_HOURS_WORKED,PC_PAY_PERIOD_START,PC_PAY_PERIOD_END,EMP_ID)
VALUES (244,14,200,8,6,TO_DATE('04/22/2021','MM/DD/YYYY'),TO_DATE('05/11/2021','MM/DD/YYYY'),6);
INSERT INTO PAYCHECK (PC_ID,PC_TAX_RATE,PC_GROSS_PAY,PC_NET_PAY,PC_HOURS_WORKED,PC_PAY_PERIOD_START,PC_PAY_PERIOD_END,EMP_ID)
VALUES (245,14,180,7,2,TO_DATE('04/23/2021','MM/DD/YYYY'),TO_DATE('05/28/2021','MM/DD/YYYY'),15);
INSERT INTO PAYCHECK (PC_ID,PC_TAX_RATE,PC_GROSS_PAY,PC_NET_PAY,PC_HOURS_WORKED,PC_PAY_PERIOD_START,PC_PAY_PERIOD_END,EMP_ID)
VALUES (246,11,134,9,5,TO_DATE('04/13/2021','MM/DD/YYYY'),TO_DATE('05/10/2021','MM/DD/YYYY'),3);
INSERT INTO PAYCHECK (PC_ID,PC_TAX_RATE,PC_GROSS_PAY,PC_NET_PAY,PC_HOURS_WORKED,PC_PAY_PERIOD_START,PC_PAY_PERIOD_END,EMP_ID)
VALUES (247,12,114,4,4,TO_DATE('04/21/2021','MM/DD/YYYY'),TO_DATE('05/21/2021','MM/DD/YYYY'),17);
INSERT INTO PAYCHECK (PC_ID,PC_TAX_RATE,PC_GROSS_PAY,PC_NET_PAY,PC_HOURS_WORKED,PC_PAY_PERIOD_START,PC_PAY_PERIOD_END,EMP_ID)
VALUES (248,12,126,10,1,TO_DATE('05/03/2021','MM/DD/YYYY'),TO_DATE('05/16/2021','MM/DD/YYYY'),7);
INSERT INTO PAYCHECK (PC_ID,PC_TAX_RATE,PC_GROSS_PAY,PC_NET_PAY,PC_HOURS_WORKED,PC_PAY_PERIOD_START,PC_PAY_PERIOD_END,EMP_ID)
VALUES (249,13,193,2,2,TO_DATE('04/13/2021','MM/DD/YYYY'),TO_DATE('05/08/2021','MM/DD/YYYY'),25);
INSERT INTO PAYCHECK (PC_ID,PC_TAX_RATE,PC_GROSS_PAY,PC_NET_PAY,PC_HOURS_WORKED,PC_PAY_PERIOD_START,PC_PAY_PERIOD_END,EMP_ID)
VALUES (250,11,155,1,6,TO_DATE('04/28/2021','MM/DD/YYYY'),TO_DATE('05/18/2021','MM/DD/YYYY'),13);
INSERT INTO PAYCHECK (PC_ID,PC_TAX_RATE,PC_GROSS_PAY,PC_NET_PAY,PC_HOURS_WORKED,PC_PAY_PERIOD_START,PC_PAY_PERIOD_END,EMP_ID)
VALUES (251,13,185,8,0,TO_DATE('04/11/2021','MM/DD/YYYY'),TO_DATE('05/18/2021','MM/DD/YYYY'),5);
INSERT INTO PAYCHECK (PC_ID,PC_TAX_RATE,PC_GROSS_PAY,PC_NET_PAY,PC_HOURS_WORKED,PC_PAY_PERIOD_START,PC_PAY_PERIOD_END,EMP_ID)
VALUES (252,10,126,5,5,TO_DATE('04/14/2021','MM/DD/YYYY'),TO_DATE('06/06/2021','MM/DD/YYYY'),1);
INSERT INTO PAYCHECK (PC_ID,PC_TAX_RATE,PC_GROSS_PAY,PC_NET_PAY,PC_HOURS_WORKED,PC_PAY_PERIOD_START,PC_PAY_PERIOD_END,EMP_ID)
VALUES (253,13,153,7,8,TO_DATE('04/22/2021','MM/DD/YYYY'),TO_DATE('05/13/2021','MM/DD/YYYY'),4);
INSERT INTO PAYCHECK (PC_ID,PC_TAX_RATE,PC_GROSS_PAY,PC_NET_PAY,PC_HOURS_WORKED,PC_PAY_PERIOD_START,PC_PAY_PERIOD_END,EMP_ID)
VALUES (254,15,175,9,7,TO_DATE('05/08/2021','MM/DD/YYYY'),TO_DATE('05/14/2021','MM/DD/YYYY'),24);
INSERT INTO PAYCHECK (PC_ID,PC_TAX_RATE,PC_GROSS_PAY,PC_NET_PAY,PC_HOURS_WORKED,PC_PAY_PERIOD_START,PC_PAY_PERIOD_END,EMP_ID)
VALUES (255,12,135,9,7,TO_DATE('05/03/2021','MM/DD/YYYY'),TO_DATE('05/13/2021','MM/DD/YYYY'),6);
INSERT INTO PAYCHECK (PC_ID,PC_TAX_RATE,PC_GROSS_PAY,PC_NET_PAY,PC_HOURS_WORKED,PC_PAY_PERIOD_START,PC_PAY_PERIOD_END,EMP_ID)
VALUES (256,11,200,1,6,TO_DATE('04/26/2021','MM/DD/YYYY'),TO_DATE('05/29/2021','MM/DD/YYYY'),13);
INSERT INTO PAYCHECK (PC_ID,PC_TAX_RATE,PC_GROSS_PAY,PC_NET_PAY,PC_HOURS_WORKED,PC_PAY_PERIOD_START,PC_PAY_PERIOD_END,EMP_ID)
VALUES (257,11,128,2,1,TO_DATE('05/02/2021','MM/DD/YYYY'),TO_DATE('05/17/2021','MM/DD/YYYY'),1);
INSERT INTO PAYCHECK (PC_ID,PC_TAX_RATE,PC_GROSS_PAY,PC_NET_PAY,PC_HOURS_WORKED,PC_PAY_PERIOD_START,PC_PAY_PERIOD_END,EMP_ID)
VALUES (258,14,108,4,1,TO_DATE('05/04/2021','MM/DD/YYYY'),TO_DATE('05/26/2021','MM/DD/YYYY'),6);
INSERT INTO PAYCHECK (PC_ID,PC_TAX_RATE,PC_GROSS_PAY,PC_NET_PAY,PC_HOURS_WORKED,PC_PAY_PERIOD_START,PC_PAY_PERIOD_END,EMP_ID)
VALUES (259,15,121,1,9,TO_DATE('04/18/2021','MM/DD/YYYY'),TO_DATE('05/17/2021','MM/DD/YYYY'),10);
INSERT INTO PAYCHECK (PC_ID,PC_TAX_RATE,PC_GROSS_PAY,PC_NET_PAY,PC_HOURS_WORKED,PC_PAY_PERIOD_START,PC_PAY_PERIOD_END,EMP_ID)
VALUES (260,11,107,4,2,TO_DATE('05/02/2021','MM/DD/YYYY'),TO_DATE('06/05/2021','MM/DD/YYYY'),23);
INSERT INTO PAYCHECK (PC_ID,PC_TAX_RATE,PC_GROSS_PAY,PC_NET_PAY,PC_HOURS_WORKED,PC_PAY_PERIOD_START,PC_PAY_PERIOD_END,EMP_ID)
VALUES (261,12,116,1,5,TO_DATE('05/06/2021','MM/DD/YYYY'),TO_DATE('06/02/2021','MM/DD/YYYY'),3);
INSERT INTO PAYCHECK (PC_ID,PC_TAX_RATE,PC_GROSS_PAY,PC_NET_PAY,PC_HOURS_WORKED,PC_PAY_PERIOD_START,PC_PAY_PERIOD_END,EMP_ID)
VALUES (262,10,115,10,4,TO_DATE('04/22/2021','MM/DD/YYYY'),TO_DATE('05/09/2021','MM/DD/YYYY'),20);
INSERT INTO PAYCHECK (PC_ID,PC_TAX_RATE,PC_GROSS_PAY,PC_NET_PAY,PC_HOURS_WORKED,PC_PAY_PERIOD_START,PC_PAY_PERIOD_END,EMP_ID)
VALUES (263,13,153,4,2,TO_DATE('04/11/2021','MM/DD/YYYY'),TO_DATE('05/13/2021','MM/DD/YYYY'),1);
INSERT INTO PAYCHECK (PC_ID,PC_TAX_RATE,PC_GROSS_PAY,PC_NET_PAY,PC_HOURS_WORKED,PC_PAY_PERIOD_START,PC_PAY_PERIOD_END,EMP_ID)
VALUES (264,14,132,6,3,TO_DATE('04/19/2021','MM/DD/YYYY'),TO_DATE('06/07/2021','MM/DD/YYYY'),28);
INSERT INTO PAYCHECK (PC_ID,PC_TAX_RATE,PC_GROSS_PAY,PC_NET_PAY,PC_HOURS_WORKED,PC_PAY_PERIOD_START,PC_PAY_PERIOD_END,EMP_ID)
VALUES (265,11,106,0,0,TO_DATE('04/08/2021','MM/DD/YYYY'),TO_DATE('05/24/2021','MM/DD/YYYY'),11);
INSERT INTO PAYCHECK (PC_ID,PC_TAX_RATE,PC_GROSS_PAY,PC_NET_PAY,PC_HOURS_WORKED,PC_PAY_PERIOD_START,PC_PAY_PERIOD_END,EMP_ID)
VALUES (266,10,157,5,4,TO_DATE('05/06/2021','MM/DD/YYYY'),TO_DATE('05/31/2021','MM/DD/YYYY'),23);
INSERT INTO PAYCHECK (PC_ID,PC_TAX_RATE,PC_GROSS_PAY,PC_NET_PAY,PC_HOURS_WORKED,PC_PAY_PERIOD_START,PC_PAY_PERIOD_END,EMP_ID)
VALUES (267,11,152,6,7,TO_DATE('05/04/2021','MM/DD/YYYY'),TO_DATE('05/27/2021','MM/DD/YYYY'),5);
INSERT INTO PAYCHECK (PC_ID,PC_TAX_RATE,PC_GROSS_PAY,PC_NET_PAY,PC_HOURS_WORKED,PC_PAY_PERIOD_START,PC_PAY_PERIOD_END,EMP_ID)
VALUES (268,13,123,2,6,TO_DATE('05/02/2021','MM/DD/YYYY'),TO_DATE('05/16/2021','MM/DD/YYYY'),17);
INSERT INTO PAYCHECK (PC_ID,PC_TAX_RATE,PC_GROSS_PAY,PC_NET_PAY,PC_HOURS_WORKED,PC_PAY_PERIOD_START,PC_PAY_PERIOD_END,EMP_ID)
VALUES (269,15,137,9,8,TO_DATE('04/26/2021','MM/DD/YYYY'),TO_DATE('05/19/2021','MM/DD/YYYY'),23);
INSERT INTO PAYCHECK (PC_ID,PC_TAX_RATE,PC_GROSS_PAY,PC_NET_PAY,PC_HOURS_WORKED,PC_PAY_PERIOD_START,PC_PAY_PERIOD_END,EMP_ID)
VALUES (270,13,139,3,10,TO_DATE('04/16/2021','MM/DD/YYYY'),TO_DATE('05/27/2021','MM/DD/YYYY'),18);
INSERT INTO PAYCHECK (PC_ID,PC_TAX_RATE,PC_GROSS_PAY,PC_NET_PAY,PC_HOURS_WORKED,PC_PAY_PERIOD_START,PC_PAY_PERIOD_END,EMP_ID)
VALUES (271,14,152,1,6,TO_DATE('04/20/2021','MM/DD/YYYY'),TO_DATE('05/15/2021','MM/DD/YYYY'),4);
INSERT INTO PAYCHECK (PC_ID,PC_TAX_RATE,PC_GROSS_PAY,PC_NET_PAY,PC_HOURS_WORKED,PC_PAY_PERIOD_START,PC_PAY_PERIOD_END,EMP_ID)
VALUES (272,13,151,5,8,TO_DATE('05/04/2021','MM/DD/YYYY'),TO_DATE('05/28/2021','MM/DD/YYYY'),16);
INSERT INTO PAYCHECK (PC_ID,PC_TAX_RATE,PC_GROSS_PAY,PC_NET_PAY,PC_HOURS_WORKED,PC_PAY_PERIOD_START,PC_PAY_PERIOD_END,EMP_ID)
VALUES (273,14,180,8,7,TO_DATE('04/19/2021','MM/DD/YYYY'),TO_DATE('05/24/2021','MM/DD/YYYY'),14);
INSERT INTO PAYCHECK (PC_ID,PC_TAX_RATE,PC_GROSS_PAY,PC_NET_PAY,PC_HOURS_WORKED,PC_PAY_PERIOD_START,PC_PAY_PERIOD_END,EMP_ID)
VALUES (274,13,174,3,1,TO_DATE('04/13/2021','MM/DD/YYYY'),TO_DATE('05/28/2021','MM/DD/YYYY'),30);
INSERT INTO PAYCHECK (PC_ID,PC_TAX_RATE,PC_GROSS_PAY,PC_NET_PAY,PC_HOURS_WORKED,PC_PAY_PERIOD_START,PC_PAY_PERIOD_END,EMP_ID)
VALUES (275,13,114,6,4,TO_DATE('04/12/2021','MM/DD/YYYY'),TO_DATE('05/12/2021','MM/DD/YYYY'),6);
INSERT INTO PAYCHECK (PC_ID,PC_TAX_RATE,PC_GROSS_PAY,PC_NET_PAY,PC_HOURS_WORKED,PC_PAY_PERIOD_START,PC_PAY_PERIOD_END,EMP_ID)
VALUES (276,13,101,7,10,TO_DATE('04/08/2021','MM/DD/YYYY'),TO_DATE('06/08/2021','MM/DD/YYYY'),10);
INSERT INTO PAYCHECK (PC_ID,PC_TAX_RATE,PC_GROSS_PAY,PC_NET_PAY,PC_HOURS_WORKED,PC_PAY_PERIOD_START,PC_PAY_PERIOD_END,EMP_ID)
VALUES (277,13,174,1,4,TO_DATE('05/03/2021','MM/DD/YYYY'),TO_DATE('05/19/2021','MM/DD/YYYY'),23);
INSERT INTO PAYCHECK (PC_ID,PC_TAX_RATE,PC_GROSS_PAY,PC_NET_PAY,PC_HOURS_WORKED,PC_PAY_PERIOD_START,PC_PAY_PERIOD_END,EMP_ID)
VALUES (278,12,186,1,2,TO_DATE('05/03/2021','MM/DD/YYYY'),TO_DATE('06/01/2021','MM/DD/YYYY'),24);
INSERT INTO PAYCHECK (PC_ID,PC_TAX_RATE,PC_GROSS_PAY,PC_NET_PAY,PC_HOURS_WORKED,PC_PAY_PERIOD_START,PC_PAY_PERIOD_END,EMP_ID)
VALUES (279,14,106,6,2,TO_DATE('04/25/2021','MM/DD/YYYY'),TO_DATE('05/26/2021','MM/DD/YYYY'),15);
INSERT INTO PAYCHECK (PC_ID,PC_TAX_RATE,PC_GROSS_PAY,PC_NET_PAY,PC_HOURS_WORKED,PC_PAY_PERIOD_START,PC_PAY_PERIOD_END,EMP_ID)
VALUES (280,13,149,3,3,TO_DATE('05/07/2021','MM/DD/YYYY'),TO_DATE('06/01/2021','MM/DD/YYYY'),30);
INSERT INTO PAYCHECK (PC_ID,PC_TAX_RATE,PC_GROSS_PAY,PC_NET_PAY,PC_HOURS_WORKED,PC_PAY_PERIOD_START,PC_PAY_PERIOD_END,EMP_ID)
VALUES (281,10,110,8,9,TO_DATE('04/16/2021','MM/DD/YYYY'),TO_DATE('06/08/2021','MM/DD/YYYY'),29);
INSERT INTO PAYCHECK (PC_ID,PC_TAX_RATE,PC_GROSS_PAY,PC_NET_PAY,PC_HOURS_WORKED,PC_PAY_PERIOD_START,PC_PAY_PERIOD_END,EMP_ID)
VALUES (282,14,165,3,8,TO_DATE('04/22/2021','MM/DD/YYYY'),TO_DATE('05/15/2021','MM/DD/YYYY'),25);
INSERT INTO PAYCHECK (PC_ID,PC_TAX_RATE,PC_GROSS_PAY,PC_NET_PAY,PC_HOURS_WORKED,PC_PAY_PERIOD_START,PC_PAY_PERIOD_END,EMP_ID)
VALUES (283,14,176,6,5,TO_DATE('04/08/2021','MM/DD/YYYY'),TO_DATE('05/31/2021','MM/DD/YYYY'),6);
INSERT INTO PAYCHECK (PC_ID,PC_TAX_RATE,PC_GROSS_PAY,PC_NET_PAY,PC_HOURS_WORKED,PC_PAY_PERIOD_START,PC_PAY_PERIOD_END,EMP_ID)
VALUES (284,11,122,10,9,TO_DATE('05/05/2021','MM/DD/YYYY'),TO_DATE('05/17/2021','MM/DD/YYYY'),10);
INSERT INTO PAYCHECK (PC_ID,PC_TAX_RATE,PC_GROSS_PAY,PC_NET_PAY,PC_HOURS_WORKED,PC_PAY_PERIOD_START,PC_PAY_PERIOD_END,EMP_ID)
VALUES (285,12,157,10,5,TO_DATE('05/07/2021','MM/DD/YYYY'),TO_DATE('06/06/2021','MM/DD/YYYY'),21);
INSERT INTO PAYCHECK (PC_ID,PC_TAX_RATE,PC_GROSS_PAY,PC_NET_PAY,PC_HOURS_WORKED,PC_PAY_PERIOD_START,PC_PAY_PERIOD_END,EMP_ID)
VALUES (286,13,129,9,0,TO_DATE('04/20/2021','MM/DD/YYYY'),TO_DATE('05/25/2021','MM/DD/YYYY'),21);
INSERT INTO PAYCHECK (PC_ID,PC_TAX_RATE,PC_GROSS_PAY,PC_NET_PAY,PC_HOURS_WORKED,PC_PAY_PERIOD_START,PC_PAY_PERIOD_END,EMP_ID)
VALUES (287,13,148,5,1,TO_DATE('04/16/2021','MM/DD/YYYY'),TO_DATE('05/18/2021','MM/DD/YYYY'),22);
INSERT INTO PAYCHECK (PC_ID,PC_TAX_RATE,PC_GROSS_PAY,PC_NET_PAY,PC_HOURS_WORKED,PC_PAY_PERIOD_START,PC_PAY_PERIOD_END,EMP_ID)
VALUES (288,11,170,3,10,TO_DATE('04/10/2021','MM/DD/YYYY'),TO_DATE('05/29/2021','MM/DD/YYYY'),21);
INSERT INTO PAYCHECK (PC_ID,PC_TAX_RATE,PC_GROSS_PAY,PC_NET_PAY,PC_HOURS_WORKED,PC_PAY_PERIOD_START,PC_PAY_PERIOD_END,EMP_ID)
VALUES (289,13,146,10,4,TO_DATE('04/27/2021','MM/DD/YYYY'),TO_DATE('05/18/2021','MM/DD/YYYY'),23);
INSERT INTO PAYCHECK (PC_ID,PC_TAX_RATE,PC_GROSS_PAY,PC_NET_PAY,PC_HOURS_WORKED,PC_PAY_PERIOD_START,PC_PAY_PERIOD_END,EMP_ID)
VALUES (290,11,183,9,6,TO_DATE('05/06/2021','MM/DD/YYYY'),TO_DATE('05/20/2021','MM/DD/YYYY'),25);
INSERT INTO PAYCHECK (PC_ID,PC_TAX_RATE,PC_GROSS_PAY,PC_NET_PAY,PC_HOURS_WORKED,PC_PAY_PERIOD_START,PC_PAY_PERIOD_END,EMP_ID)
VALUES (291,11,197,6,9,TO_DATE('05/06/2021','MM/DD/YYYY'),TO_DATE('06/02/2021','MM/DD/YYYY'),20);
INSERT INTO PAYCHECK (PC_ID,PC_TAX_RATE,PC_GROSS_PAY,PC_NET_PAY,PC_HOURS_WORKED,PC_PAY_PERIOD_START,PC_PAY_PERIOD_END,EMP_ID)
VALUES (292,10,171,3,4,TO_DATE('04/21/2021','MM/DD/YYYY'),TO_DATE('05/11/2021','MM/DD/YYYY'),28);
INSERT INTO PAYCHECK (PC_ID,PC_TAX_RATE,PC_GROSS_PAY,PC_NET_PAY,PC_HOURS_WORKED,PC_PAY_PERIOD_START,PC_PAY_PERIOD_END,EMP_ID)
VALUES (293,12,167,5,8,TO_DATE('04/09/2021','MM/DD/YYYY'),TO_DATE('05/30/2021','MM/DD/YYYY'),4);
INSERT INTO PAYCHECK (PC_ID,PC_TAX_RATE,PC_GROSS_PAY,PC_NET_PAY,PC_HOURS_WORKED,PC_PAY_PERIOD_START,PC_PAY_PERIOD_END,EMP_ID)
VALUES (294,11,103,5,6,TO_DATE('05/04/2021','MM/DD/YYYY'),TO_DATE('05/31/2021','MM/DD/YYYY'),2);
INSERT INTO PAYCHECK (PC_ID,PC_TAX_RATE,PC_GROSS_PAY,PC_NET_PAY,PC_HOURS_WORKED,PC_PAY_PERIOD_START,PC_PAY_PERIOD_END,EMP_ID)
VALUES (295,14,180,1,3,TO_DATE('04/11/2021','MM/DD/YYYY'),TO_DATE('05/27/2021','MM/DD/YYYY'),24);
INSERT INTO PAYCHECK (PC_ID,PC_TAX_RATE,PC_GROSS_PAY,PC_NET_PAY,PC_HOURS_WORKED,PC_PAY_PERIOD_START,PC_PAY_PERIOD_END,EMP_ID)
VALUES (296,13,154,6,9,TO_DATE('04/16/2021','MM/DD/YYYY'),TO_DATE('06/02/2021','MM/DD/YYYY'),4);
INSERT INTO PAYCHECK (PC_ID,PC_TAX_RATE,PC_GROSS_PAY,PC_NET_PAY,PC_HOURS_WORKED,PC_PAY_PERIOD_START,PC_PAY_PERIOD_END,EMP_ID)
VALUES (297,10,153,8,7,TO_DATE('04/19/2021','MM/DD/YYYY'),TO_DATE('05/24/2021','MM/DD/YYYY'),11);
INSERT INTO PAYCHECK (PC_ID,PC_TAX_RATE,PC_GROSS_PAY,PC_NET_PAY,PC_HOURS_WORKED,PC_PAY_PERIOD_START,PC_PAY_PERIOD_END,EMP_ID)
VALUES (298,14,134,1,9,TO_DATE('04/13/2021','MM/DD/YYYY'),TO_DATE('05/22/2021','MM/DD/YYYY'),29);
INSERT INTO PAYCHECK (PC_ID,PC_TAX_RATE,PC_GROSS_PAY,PC_NET_PAY,PC_HOURS_WORKED,PC_PAY_PERIOD_START,PC_PAY_PERIOD_END,EMP_ID)
VALUES (299,11,126,5,7,TO_DATE('04/24/2021','MM/DD/YYYY'),TO_DATE('05/22/2021','MM/DD/YYYY'),29);
INSERT INTO PAYCHECK (PC_ID,PC_TAX_RATE,PC_GROSS_PAY,PC_NET_PAY,PC_HOURS_WORKED,PC_PAY_PERIOD_START,PC_PAY_PERIOD_END,EMP_ID)
VALUES (300,11,165,6,4,TO_DATE('05/03/2021','MM/DD/YYYY'),TO_DATE('05/23/2021','MM/DD/YYYY'),21);
INSERT INTO PAYCHECK (PC_ID,PC_TAX_RATE,PC_GROSS_PAY,PC_NET_PAY,PC_HOURS_WORKED,PC_PAY_PERIOD_START,PC_PAY_PERIOD_END,EMP_ID)
VALUES (301,11,146,3,7,TO_DATE('04/30/2021','MM/DD/YYYY'),TO_DATE('05/11/2021','MM/DD/YYYY'),28);
INSERT INTO PAYCHECK (PC_ID,PC_TAX_RATE,PC_GROSS_PAY,PC_NET_PAY,PC_HOURS_WORKED,PC_PAY_PERIOD_START,PC_PAY_PERIOD_END,EMP_ID)
VALUES (302,11,151,8,1,TO_DATE('04/30/2021','MM/DD/YYYY'),TO_DATE('05/16/2021','MM/DD/YYYY'),8);
INSERT INTO PAYCHECK (PC_ID,PC_TAX_RATE,PC_GROSS_PAY,PC_NET_PAY,PC_HOURS_WORKED,PC_PAY_PERIOD_START,PC_PAY_PERIOD_END,EMP_ID)
VALUES (303,12,173,7,8,TO_DATE('05/01/2021','MM/DD/YYYY'),TO_DATE('06/01/2021','MM/DD/YYYY'),25);
INSERT INTO PAYCHECK (PC_ID,PC_TAX_RATE,PC_GROSS_PAY,PC_NET_PAY,PC_HOURS_WORKED,PC_PAY_PERIOD_START,PC_PAY_PERIOD_END,EMP_ID)
VALUES (304,15,186,9,4,TO_DATE('04/29/2021','MM/DD/YYYY'),TO_DATE('05/26/2021','MM/DD/YYYY'),9);
INSERT INTO PAYCHECK (PC_ID,PC_TAX_RATE,PC_GROSS_PAY,PC_NET_PAY,PC_HOURS_WORKED,PC_PAY_PERIOD_START,PC_PAY_PERIOD_END,EMP_ID)
VALUES (305,15,136,7,6,TO_DATE('04/13/2021','MM/DD/YYYY'),TO_DATE('06/03/2021','MM/DD/YYYY'),9);
INSERT INTO PAYCHECK (PC_ID,PC_TAX_RATE,PC_GROSS_PAY,PC_NET_PAY,PC_HOURS_WORKED,PC_PAY_PERIOD_START,PC_PAY_PERIOD_END,EMP_ID)
VALUES (306,13,193,8,5,TO_DATE('04/18/2021','MM/DD/YYYY'),TO_DATE('06/07/2021','MM/DD/YYYY'),27);
INSERT INTO PAYCHECK (PC_ID,PC_TAX_RATE,PC_GROSS_PAY,PC_NET_PAY,PC_HOURS_WORKED,PC_PAY_PERIOD_START,PC_PAY_PERIOD_END,EMP_ID)
VALUES (307,13,103,2,7,TO_DATE('04/14/2021','MM/DD/YYYY'),TO_DATE('06/03/2021','MM/DD/YYYY'),10);
INSERT INTO PAYCHECK (PC_ID,PC_TAX_RATE,PC_GROSS_PAY,PC_NET_PAY,PC_HOURS_WORKED,PC_PAY_PERIOD_START,PC_PAY_PERIOD_END,EMP_ID)
VALUES (308,12,182,5,8,TO_DATE('05/01/2021','MM/DD/YYYY'),TO_DATE('05/15/2021','MM/DD/YYYY'),10);
INSERT INTO PAYCHECK (PC_ID,PC_TAX_RATE,PC_GROSS_PAY,PC_NET_PAY,PC_HOURS_WORKED,PC_PAY_PERIOD_START,PC_PAY_PERIOD_END,EMP_ID)
VALUES (309,14,163,1,4,TO_DATE('05/06/2021','MM/DD/YYYY'),TO_DATE('05/24/2021','MM/DD/YYYY'),5);
INSERT INTO PAYCHECK (PC_ID,PC_TAX_RATE,PC_GROSS_PAY,PC_NET_PAY,PC_HOURS_WORKED,PC_PAY_PERIOD_START,PC_PAY_PERIOD_END,EMP_ID)
VALUES (310,13,122,3,1,TO_DATE('04/28/2021','MM/DD/YYYY'),TO_DATE('05/20/2021','MM/DD/YYYY'),16);
INSERT INTO PAYCHECK (PC_ID,PC_TAX_RATE,PC_GROSS_PAY,PC_NET_PAY,PC_HOURS_WORKED,PC_PAY_PERIOD_START,PC_PAY_PERIOD_END,EMP_ID)
VALUES (311,13,177,2,9,TO_DATE('04/13/2021','MM/DD/YYYY'),TO_DATE('05/12/2021','MM/DD/YYYY'),28);
INSERT INTO PAYCHECK (PC_ID,PC_TAX_RATE,PC_GROSS_PAY,PC_NET_PAY,PC_HOURS_WORKED,PC_PAY_PERIOD_START,PC_PAY_PERIOD_END,EMP_ID)
VALUES (312,14,194,5,7,TO_DATE('05/02/2021','MM/DD/YYYY'),TO_DATE('05/20/2021','MM/DD/YYYY'),27);
INSERT INTO PAYCHECK (PC_ID,PC_TAX_RATE,PC_GROSS_PAY,PC_NET_PAY,PC_HOURS_WORKED,PC_PAY_PERIOD_START,PC_PAY_PERIOD_END,EMP_ID)
VALUES (313,11,111,10,8,TO_DATE('04/19/2021','MM/DD/YYYY'),TO_DATE('05/27/2021','MM/DD/YYYY'),6);
INSERT INTO PAYCHECK (PC_ID,PC_TAX_RATE,PC_GROSS_PAY,PC_NET_PAY,PC_HOURS_WORKED,PC_PAY_PERIOD_START,PC_PAY_PERIOD_END,EMP_ID)
VALUES (314,14,133,6,2,TO_DATE('04/19/2021','MM/DD/YYYY'),TO_DATE('05/29/2021','MM/DD/YYYY'),1);
INSERT INTO PAYCHECK (PC_ID,PC_TAX_RATE,PC_GROSS_PAY,PC_NET_PAY,PC_HOURS_WORKED,PC_PAY_PERIOD_START,PC_PAY_PERIOD_END,EMP_ID)
VALUES (315,14,137,5,3,TO_DATE('04/26/2021','MM/DD/YYYY'),TO_DATE('05/18/2021','MM/DD/YYYY'),24);
INSERT INTO PAYCHECK (PC_ID,PC_TAX_RATE,PC_GROSS_PAY,PC_NET_PAY,PC_HOURS_WORKED,PC_PAY_PERIOD_START,PC_PAY_PERIOD_END,EMP_ID)
VALUES (316,13,135,2,6,TO_DATE('04/22/2021','MM/DD/YYYY'),TO_DATE('06/03/2021','MM/DD/YYYY'),3);
INSERT INTO PAYCHECK (PC_ID,PC_TAX_RATE,PC_GROSS_PAY,PC_NET_PAY,PC_HOURS_WORKED,PC_PAY_PERIOD_START,PC_PAY_PERIOD_END,EMP_ID)
VALUES (317,10,159,5,7,TO_DATE('04/18/2021','MM/DD/YYYY'),TO_DATE('05/28/2021','MM/DD/YYYY'),23);
INSERT INTO PAYCHECK (PC_ID,PC_TAX_RATE,PC_GROSS_PAY,PC_NET_PAY,PC_HOURS_WORKED,PC_PAY_PERIOD_START,PC_PAY_PERIOD_END,EMP_ID)
VALUES (318,12,115,7,5,TO_DATE('05/01/2021','MM/DD/YYYY'),TO_DATE('05/14/2021','MM/DD/YYYY'),30);
INSERT INTO PAYCHECK (PC_ID,PC_TAX_RATE,PC_GROSS_PAY,PC_NET_PAY,PC_HOURS_WORKED,PC_PAY_PERIOD_START,PC_PAY_PERIOD_END,EMP_ID)
VALUES (319,12,101,2,1,TO_DATE('05/08/2021','MM/DD/YYYY'),TO_DATE('05/12/2021','MM/DD/YYYY'),8);
INSERT INTO PAYCHECK (PC_ID,PC_TAX_RATE,PC_GROSS_PAY,PC_NET_PAY,PC_HOURS_WORKED,PC_PAY_PERIOD_START,PC_PAY_PERIOD_END,EMP_ID)
VALUES (320,11,193,7,6,TO_DATE('05/03/2021','MM/DD/YYYY'),TO_DATE('05/20/2021','MM/DD/YYYY'),16);
INSERT INTO PAYCHECK (PC_ID,PC_TAX_RATE,PC_GROSS_PAY,PC_NET_PAY,PC_HOURS_WORKED,PC_PAY_PERIOD_START,PC_PAY_PERIOD_END,EMP_ID)
VALUES (321,11,144,7,5,TO_DATE('04/11/2021','MM/DD/YYYY'),TO_DATE('06/07/2021','MM/DD/YYYY'),22);
INSERT INTO PAYCHECK (PC_ID,PC_TAX_RATE,PC_GROSS_PAY,PC_NET_PAY,PC_HOURS_WORKED,PC_PAY_PERIOD_START,PC_PAY_PERIOD_END,EMP_ID)
VALUES (322,13,127,6,2,TO_DATE('05/01/2021','MM/DD/YYYY'),TO_DATE('05/19/2021','MM/DD/YYYY'),19);
INSERT INTO PAYCHECK (PC_ID,PC_TAX_RATE,PC_GROSS_PAY,PC_NET_PAY,PC_HOURS_WORKED,PC_PAY_PERIOD_START,PC_PAY_PERIOD_END,EMP_ID)
VALUES (323,13,155,1,3,TO_DATE('04/11/2021','MM/DD/YYYY'),TO_DATE('05/15/2021','MM/DD/YYYY'),29);
INSERT INTO PAYCHECK (PC_ID,PC_TAX_RATE,PC_GROSS_PAY,PC_NET_PAY,PC_HOURS_WORKED,PC_PAY_PERIOD_START,PC_PAY_PERIOD_END,EMP_ID)
VALUES (324,14,199,4,6,TO_DATE('04/11/2021','MM/DD/YYYY'),TO_DATE('05/24/2021','MM/DD/YYYY'),11);
INSERT INTO PAYCHECK (PC_ID,PC_TAX_RATE,PC_GROSS_PAY,PC_NET_PAY,PC_HOURS_WORKED,PC_PAY_PERIOD_START,PC_PAY_PERIOD_END,EMP_ID)
VALUES (325,14,159,7,1,TO_DATE('04/30/2021','MM/DD/YYYY'),TO_DATE('06/03/2021','MM/DD/YYYY'),25);
INSERT INTO PAYCHECK (PC_ID,PC_TAX_RATE,PC_GROSS_PAY,PC_NET_PAY,PC_HOURS_WORKED,PC_PAY_PERIOD_START,PC_PAY_PERIOD_END,EMP_ID)
VALUES (326,11,144,6,8,TO_DATE('04/23/2021','MM/DD/YYYY'),TO_DATE('05/26/2021','MM/DD/YYYY'),14);
INSERT INTO PAYCHECK (PC_ID,PC_TAX_RATE,PC_GROSS_PAY,PC_NET_PAY,PC_HOURS_WORKED,PC_PAY_PERIOD_START,PC_PAY_PERIOD_END,EMP_ID)
VALUES (327,14,165,9,8,TO_DATE('04/26/2021','MM/DD/YYYY'),TO_DATE('05/28/2021','MM/DD/YYYY'),11);
INSERT INTO PAYCHECK (PC_ID,PC_TAX_RATE,PC_GROSS_PAY,PC_NET_PAY,PC_HOURS_WORKED,PC_PAY_PERIOD_START,PC_PAY_PERIOD_END,EMP_ID)
VALUES (328,14,145,10,8,TO_DATE('04/19/2021','MM/DD/YYYY'),TO_DATE('05/14/2021','MM/DD/YYYY'),11);
INSERT INTO PAYCHECK (PC_ID,PC_TAX_RATE,PC_GROSS_PAY,PC_NET_PAY,PC_HOURS_WORKED,PC_PAY_PERIOD_START,PC_PAY_PERIOD_END,EMP_ID)
VALUES (329,11,106,0,8,TO_DATE('04/19/2021','MM/DD/YYYY'),TO_DATE('05/10/2021','MM/DD/YYYY'),17);
INSERT INTO PAYCHECK (PC_ID,PC_TAX_RATE,PC_GROSS_PAY,PC_NET_PAY,PC_HOURS_WORKED,PC_PAY_PERIOD_START,PC_PAY_PERIOD_END,EMP_ID)
VALUES (330,10,198,8,1,TO_DATE('04/27/2021','MM/DD/YYYY'),TO_DATE('06/05/2021','MM/DD/YYYY'),5);
INSERT INTO PAYCHECK (PC_ID,PC_TAX_RATE,PC_GROSS_PAY,PC_NET_PAY,PC_HOURS_WORKED,PC_PAY_PERIOD_START,PC_PAY_PERIOD_END,EMP_ID)
VALUES (331,13,147,2,9,TO_DATE('04/20/2021','MM/DD/YYYY'),TO_DATE('05/26/2021','MM/DD/YYYY'),7);
INSERT INTO PAYCHECK (PC_ID,PC_TAX_RATE,PC_GROSS_PAY,PC_NET_PAY,PC_HOURS_WORKED,PC_PAY_PERIOD_START,PC_PAY_PERIOD_END,EMP_ID)
VALUES (332,11,114,8,1,TO_DATE('04/11/2021','MM/DD/YYYY'),TO_DATE('06/03/2021','MM/DD/YYYY'),27);
INSERT INTO PAYCHECK (PC_ID,PC_TAX_RATE,PC_GROSS_PAY,PC_NET_PAY,PC_HOURS_WORKED,PC_PAY_PERIOD_START,PC_PAY_PERIOD_END,EMP_ID)
VALUES (333,11,113,7,8,TO_DATE('04/09/2021','MM/DD/YYYY'),TO_DATE('06/07/2021','MM/DD/YYYY'),13);
INSERT INTO PAYCHECK (PC_ID,PC_TAX_RATE,PC_GROSS_PAY,PC_NET_PAY,PC_HOURS_WORKED,PC_PAY_PERIOD_START,PC_PAY_PERIOD_END,EMP_ID)
VALUES (334,12,137,7,0,TO_DATE('05/04/2021','MM/DD/YYYY'),TO_DATE('06/03/2021','MM/DD/YYYY'),9);
INSERT INTO PAYCHECK (PC_ID,PC_TAX_RATE,PC_GROSS_PAY,PC_NET_PAY,PC_HOURS_WORKED,PC_PAY_PERIOD_START,PC_PAY_PERIOD_END,EMP_ID)
VALUES (335,13,164,4,9,TO_DATE('04/18/2021','MM/DD/YYYY'),TO_DATE('05/22/2021','MM/DD/YYYY'),13);
INSERT INTO PAYCHECK (PC_ID,PC_TAX_RATE,PC_GROSS_PAY,PC_NET_PAY,PC_HOURS_WORKED,PC_PAY_PERIOD_START,PC_PAY_PERIOD_END,EMP_ID)
VALUES (336,15,108,1,6,TO_DATE('04/16/2021','MM/DD/YYYY'),TO_DATE('05/19/2021','MM/DD/YYYY'),10);
INSERT INTO PAYCHECK (PC_ID,PC_TAX_RATE,PC_GROSS_PAY,PC_NET_PAY,PC_HOURS_WORKED,PC_PAY_PERIOD_START,PC_PAY_PERIOD_END,EMP_ID)
VALUES (337,13,179,3,6,TO_DATE('04/13/2021','MM/DD/YYYY'),TO_DATE('05/12/2021','MM/DD/YYYY'),29);
INSERT INTO PAYCHECK (PC_ID,PC_TAX_RATE,PC_GROSS_PAY,PC_NET_PAY,PC_HOURS_WORKED,PC_PAY_PERIOD_START,PC_PAY_PERIOD_END,EMP_ID)
VALUES (338,13,126,3,3,TO_DATE('04/09/2021','MM/DD/YYYY'),TO_DATE('06/02/2021','MM/DD/YYYY'),4);
INSERT INTO PAYCHECK (PC_ID,PC_TAX_RATE,PC_GROSS_PAY,PC_NET_PAY,PC_HOURS_WORKED,PC_PAY_PERIOD_START,PC_PAY_PERIOD_END,EMP_ID)
VALUES (339,13,110,6,5,TO_DATE('04/21/2021','MM/DD/YYYY'),TO_DATE('05/29/2021','MM/DD/YYYY'),24);
INSERT INTO PAYCHECK (PC_ID,PC_TAX_RATE,PC_GROSS_PAY,PC_NET_PAY,PC_HOURS_WORKED,PC_PAY_PERIOD_START,PC_PAY_PERIOD_END,EMP_ID)
VALUES (340,13,105,3,1,TO_DATE('04/24/2021','MM/DD/YYYY'),TO_DATE('05/17/2021','MM/DD/YYYY'),13);
INSERT INTO PAYCHECK (PC_ID,PC_TAX_RATE,PC_GROSS_PAY,PC_NET_PAY,PC_HOURS_WORKED,PC_PAY_PERIOD_START,PC_PAY_PERIOD_END,EMP_ID)
VALUES (341,14,110,7,10,TO_DATE('04/10/2021','MM/DD/YYYY'),TO_DATE('06/04/2021','MM/DD/YYYY'),25);
INSERT INTO PAYCHECK (PC_ID,PC_TAX_RATE,PC_GROSS_PAY,PC_NET_PAY,PC_HOURS_WORKED,PC_PAY_PERIOD_START,PC_PAY_PERIOD_END,EMP_ID)
VALUES (342,11,137,4,2,TO_DATE('04/21/2021','MM/DD/YYYY'),TO_DATE('06/04/2021','MM/DD/YYYY'),22);
INSERT INTO PAYCHECK (PC_ID,PC_TAX_RATE,PC_GROSS_PAY,PC_NET_PAY,PC_HOURS_WORKED,PC_PAY_PERIOD_START,PC_PAY_PERIOD_END,EMP_ID)
VALUES (343,12,174,5,8,TO_DATE('04/08/2021','MM/DD/YYYY'),TO_DATE('05/29/2021','MM/DD/YYYY'),11);
INSERT INTO PAYCHECK (PC_ID,PC_TAX_RATE,PC_GROSS_PAY,PC_NET_PAY,PC_HOURS_WORKED,PC_PAY_PERIOD_START,PC_PAY_PERIOD_END,EMP_ID)
VALUES (344,11,128,1,1,TO_DATE('04/19/2021','MM/DD/YYYY'),TO_DATE('05/18/2021','MM/DD/YYYY'),9);
INSERT INTO PAYCHECK (PC_ID,PC_TAX_RATE,PC_GROSS_PAY,PC_NET_PAY,PC_HOURS_WORKED,PC_PAY_PERIOD_START,PC_PAY_PERIOD_END,EMP_ID)
VALUES (345,12,146,4,3,TO_DATE('04/08/2021','MM/DD/YYYY'),TO_DATE('05/24/2021','MM/DD/YYYY'),2);
INSERT INTO PAYCHECK (PC_ID,PC_TAX_RATE,PC_GROSS_PAY,PC_NET_PAY,PC_HOURS_WORKED,PC_PAY_PERIOD_START,PC_PAY_PERIOD_END,EMP_ID)
VALUES (346,11,151,0,4,TO_DATE('04/17/2021','MM/DD/YYYY'),TO_DATE('05/20/2021','MM/DD/YYYY'),7);
INSERT INTO PAYCHECK (PC_ID,PC_TAX_RATE,PC_GROSS_PAY,PC_NET_PAY,PC_HOURS_WORKED,PC_PAY_PERIOD_START,PC_PAY_PERIOD_END,EMP_ID)
VALUES (347,11,143,3,2,TO_DATE('04/11/2021','MM/DD/YYYY'),TO_DATE('05/13/2021','MM/DD/YYYY'),6);
INSERT INTO PAYCHECK (PC_ID,PC_TAX_RATE,PC_GROSS_PAY,PC_NET_PAY,PC_HOURS_WORKED,PC_PAY_PERIOD_START,PC_PAY_PERIOD_END,EMP_ID)
VALUES (348,13,116,3,5,TO_DATE('04/18/2021','MM/DD/YYYY'),TO_DATE('05/12/2021','MM/DD/YYYY'),23);
INSERT INTO PAYCHECK (PC_ID,PC_TAX_RATE,PC_GROSS_PAY,PC_NET_PAY,PC_HOURS_WORKED,PC_PAY_PERIOD_START,PC_PAY_PERIOD_END,EMP_ID)
VALUES (349,14,121,1,4,TO_DATE('04/11/2021','MM/DD/YYYY'),TO_DATE('05/25/2021','MM/DD/YYYY'),28);
INSERT INTO PAYCHECK (PC_ID,PC_TAX_RATE,PC_GROSS_PAY,PC_NET_PAY,PC_HOURS_WORKED,PC_PAY_PERIOD_START,PC_PAY_PERIOD_END,EMP_ID)
VALUES (350,10,180,9,5,TO_DATE('04/20/2021','MM/DD/YYYY'),TO_DATE('06/05/2021','MM/DD/YYYY'),12);
INSERT INTO PAYCHECK (PC_ID,PC_TAX_RATE,PC_GROSS_PAY,PC_NET_PAY,PC_HOURS_WORKED,PC_PAY_PERIOD_START,PC_PAY_PERIOD_END,EMP_ID)
VALUES (351,13,197,5,7,TO_DATE('04/27/2021','MM/DD/YYYY'),TO_DATE('06/02/2021','MM/DD/YYYY'),13);
INSERT INTO PAYCHECK (PC_ID,PC_TAX_RATE,PC_GROSS_PAY,PC_NET_PAY,PC_HOURS_WORKED,PC_PAY_PERIOD_START,PC_PAY_PERIOD_END,EMP_ID)
VALUES (352,12,159,1,6,TO_DATE('04/21/2021','MM/DD/YYYY'),TO_DATE('05/13/2021','MM/DD/YYYY'),14);
INSERT INTO PAYCHECK (PC_ID,PC_TAX_RATE,PC_GROSS_PAY,PC_NET_PAY,PC_HOURS_WORKED,PC_PAY_PERIOD_START,PC_PAY_PERIOD_END,EMP_ID)
VALUES (353,13,116,8,6,TO_DATE('04/11/2021','MM/DD/YYYY'),TO_DATE('05/23/2021','MM/DD/YYYY'),9);
INSERT INTO PAYCHECK (PC_ID,PC_TAX_RATE,PC_GROSS_PAY,PC_NET_PAY,PC_HOURS_WORKED,PC_PAY_PERIOD_START,PC_PAY_PERIOD_END,EMP_ID)
VALUES (354,12,124,9,5,TO_DATE('05/03/2021','MM/DD/YYYY'),TO_DATE('06/01/2021','MM/DD/YYYY'),22);
INSERT INTO PAYCHECK (PC_ID,PC_TAX_RATE,PC_GROSS_PAY,PC_NET_PAY,PC_HOURS_WORKED,PC_PAY_PERIOD_START,PC_PAY_PERIOD_END,EMP_ID)
VALUES (355,11,162,5,9,TO_DATE('05/07/2021','MM/DD/YYYY'),TO_DATE('05/21/2021','MM/DD/YYYY'),15);
INSERT INTO PAYCHECK (PC_ID,PC_TAX_RATE,PC_GROSS_PAY,PC_NET_PAY,PC_HOURS_WORKED,PC_PAY_PERIOD_START,PC_PAY_PERIOD_END,EMP_ID)
VALUES (356,15,159,9,0,TO_DATE('05/02/2021','MM/DD/YYYY'),TO_DATE('05/13/2021','MM/DD/YYYY'),6);
INSERT INTO PAYCHECK (PC_ID,PC_TAX_RATE,PC_GROSS_PAY,PC_NET_PAY,PC_HOURS_WORKED,PC_PAY_PERIOD_START,PC_PAY_PERIOD_END,EMP_ID)
VALUES (357,12,195,9,8,TO_DATE('04/18/2021','MM/DD/YYYY'),TO_DATE('06/03/2021','MM/DD/YYYY'),30);
INSERT INTO PAYCHECK (PC_ID,PC_TAX_RATE,PC_GROSS_PAY,PC_NET_PAY,PC_HOURS_WORKED,PC_PAY_PERIOD_START,PC_PAY_PERIOD_END,EMP_ID)
VALUES (358,12,193,8,3,TO_DATE('04/12/2021','MM/DD/YYYY'),TO_DATE('05/11/2021','MM/DD/YYYY'),28);
INSERT INTO PAYCHECK (PC_ID,PC_TAX_RATE,PC_GROSS_PAY,PC_NET_PAY,PC_HOURS_WORKED,PC_PAY_PERIOD_START,PC_PAY_PERIOD_END,EMP_ID)
VALUES (359,11,134,3,5,TO_DATE('04/08/2021','MM/DD/YYYY'),TO_DATE('05/22/2021','MM/DD/YYYY'),24);
INSERT INTO PAYCHECK (PC_ID,PC_TAX_RATE,PC_GROSS_PAY,PC_NET_PAY,PC_HOURS_WORKED,PC_PAY_PERIOD_START,PC_PAY_PERIOD_END,EMP_ID)
VALUES (360,11,113,3,3,TO_DATE('04/23/2021','MM/DD/YYYY'),TO_DATE('05/15/2021','MM/DD/YYYY'),5);
