--ALTER TABLE LOCATION MODIFY LOC_PHONE_NUM VARCHAR2(20);

INSERT INTO VENDOR (V_ID,V_NAME,V_PHONE_NUM,V_ADDRESS,V_CITY)
VALUES (1,'Nascetur Ridiculus Mus Associates','(156) 648-2628','955-5026 Lacus. Rd.','Columbus');
INSERT INTO VENDOR (V_ID,V_NAME,V_PHONE_NUM,V_ADDRESS,V_CITY)
VALUES (2,'Aliquam Adipiscing Lobortis Foundation','1-882-874-5846','P.O. Box 347, 1679 Pellentesque Av.','Fort Worth');
INSERT INTO VENDOR (V_ID,V_NAME,V_PHONE_NUM,V_ADDRESS,V_CITY)
VALUES (3,'Nunc LLC','1-587-856-7243','7436 Fermentum Rd.','Provo');
INSERT INTO VENDOR (V_ID,V_NAME,V_PHONE_NUM,V_ADDRESS,V_CITY)
VALUES (4,'Arcu Nunc Limited','1-743-247-6328','133-5699 Cubilia Avenue','Omaha');
INSERT INTO VENDOR (V_ID,V_NAME,V_PHONE_NUM,V_ADDRESS,V_CITY)
VALUES (5,'Non Bibendum PC','1-203-955-3574','293-2589 Vulputate Avenue','Grand Rapids');
INSERT INTO VENDOR (V_ID,V_NAME,V_PHONE_NUM,V_ADDRESS,V_CITY)
VALUES (6,'Ac Ipsum Phasellus PC','(644) 726-5866','P.O. Box 342, 628 Sit Rd.','Rockville');
INSERT INTO VENDOR (V_ID,V_NAME,V_PHONE_NUM,V_ADDRESS,V_CITY)
VALUES (7,'Semper Dui Industries','(642) 222-3621','3906 Magna. St.','Lafayette');
INSERT INTO VENDOR (V_ID,V_NAME,V_PHONE_NUM,V_ADDRESS,V_CITY)
VALUES (8,'Ultricies Adipiscing Associates','1-619-647-5748','Ap #448-1415 Lacus Avenue','Birmingham');
INSERT INTO VENDOR (V_ID,V_NAME,V_PHONE_NUM,V_ADDRESS,V_CITY)
VALUES (9,'Molestie Dapibus Industries','(937) 774-4232','753-8843 At St.','Vancouver');
INSERT INTO VENDOR (V_ID,V_NAME,V_PHONE_NUM,V_ADDRESS,V_CITY)
VALUES (10,'Risus Morbi Metus Corp.','(860) 526-7427','3613 Diam. Road','Saint Louis');

INSERT INTO AREA (AREA_ID,AREA_NAME,AREA_DESC)
VALUES (1,'Burgenland','');
INSERT INTO AREA (AREA_ID,AREA_NAME,AREA_DESC)
VALUES (2,'North Island','');
INSERT INTO AREA (AREA_ID,AREA_NAME,AREA_DESC)
VALUES (3,'KwaZulu-Natal','');
INSERT INTO AREA (AREA_ID,AREA_NAME,AREA_DESC)
VALUES (4,'Westmorland','');
INSERT INTO AREA (AREA_ID,AREA_NAME,AREA_DESC)
VALUES (5,'Bicol Region','');
INSERT INTO AREA (AREA_ID,AREA_NAME,AREA_DESC)
VALUES (6,'Centre','');
INSERT INTO AREA (AREA_ID,AREA_NAME,AREA_DESC)
VALUES (7,'Zhytomyr oblast','');
INSERT INTO AREA (AREA_ID,AREA_NAME,AREA_DESC)
VALUES (8,'Jalisco','');
INSERT INTO AREA (AREA_ID,AREA_NAME,AREA_DESC)
VALUES (9,'Poitou-Charentes','');
INSERT INTO AREA (AREA_ID,AREA_NAME,AREA_DESC)
VALUES (10,'Gauteng','');
INSERT INTO AREA (AREA_ID,AREA_NAME,AREA_DESC)
VALUES (11,'Lower Austria','');
INSERT INTO AREA (AREA_ID,AREA_NAME,AREA_DESC)
VALUES (12,'Rajasthan','');
INSERT INTO AREA (AREA_ID,AREA_NAME,AREA_DESC)
VALUES (13,'Utrecht','');
INSERT INTO AREA (AREA_ID,AREA_NAME,AREA_DESC)
VALUES (14,'Kogi','');
INSERT INTO AREA (AREA_ID,AREA_NAME,AREA_DESC)
VALUES (15,'Loreto','');
INSERT INTO AREA (AREA_ID,AREA_NAME,AREA_DESC)
VALUES (16,'Rogaland','');
INSERT INTO AREA (AREA_ID,AREA_NAME,AREA_DESC)
VALUES (17,'Luxemburg','');
INSERT INTO AREA (AREA_ID,AREA_NAME,AREA_DESC)
VALUES (18,'North Sumatra','');
INSERT INTO AREA (AREA_ID,AREA_NAME,AREA_DESC)
VALUES (19,'Zakarpattia oblast','');
INSERT INTO AREA (AREA_ID,AREA_NAME,AREA_DESC)
VALUES (20,'North Sulawesi','');

-- CREATE SEQUENCE area_id_sq start with 1 increment by 1 minvalue 1 maxvalue 20 NOCACHE;

INSERT INTO SUPERVISOR (SV_ID,SV_FIRST,SV_LAST,SV_PHONE_NUM,AREA_AREA_ID)
VALUES (1,'Vance','Robertson','(621) 848-2652',8);
INSERT INTO SUPERVISOR (SV_ID,SV_FIRST,SV_LAST,SV_PHONE_NUM,AREA_AREA_ID)
VALUES (2,'Phoebe','Wilson','1-579-818-3794',6);
INSERT INTO SUPERVISOR (SV_ID,SV_FIRST,SV_LAST,SV_PHONE_NUM,AREA_AREA_ID)
VALUES (3,'Baker','Robles','(211) 894-5243',4);
INSERT INTO SUPERVISOR (SV_ID,SV_FIRST,SV_LAST,SV_PHONE_NUM,AREA_AREA_ID)
VALUES (4,'Shaeleigh','Dorsey','1-827-496-2484',14);
INSERT INTO SUPERVISOR (SV_ID,SV_FIRST,SV_LAST,SV_PHONE_NUM,AREA_AREA_ID)
VALUES (5,'Anthony','Gillespie','1-873-415-8665',10);
INSERT INTO SUPERVISOR (SV_ID,SV_FIRST,SV_LAST,SV_PHONE_NUM,AREA_AREA_ID)
VALUES (6,'Kimberley','Sandoval','(407) 790-8871',17);
INSERT INTO SUPERVISOR (SV_ID,SV_FIRST,SV_LAST,SV_PHONE_NUM,AREA_AREA_ID)
VALUES (7,'Anjolie','Mercer','(331) 804-4232',18);
INSERT INTO SUPERVISOR (SV_ID,SV_FIRST,SV_LAST,SV_PHONE_NUM,AREA_AREA_ID)
VALUES (8,'Camille','Barber','(445) 474-0275',19);
INSERT INTO SUPERVISOR (SV_ID,SV_FIRST,SV_LAST,SV_PHONE_NUM,AREA_AREA_ID)
VALUES (9,'Constance','Berger','1-878-200-9667',20);
INSERT INTO SUPERVISOR (SV_ID,SV_FIRST,SV_LAST,SV_PHONE_NUM,AREA_AREA_ID)
VALUES (10,'Brynn','Caldwell','(361) 618-3550',16);
INSERT INTO SUPERVISOR (SV_ID,SV_FIRST,SV_LAST,SV_PHONE_NUM,AREA_AREA_ID)
VALUES (11,'Mercedes','Hubbard','1-255-756-4667',15);
INSERT INTO SUPERVISOR (SV_ID,SV_FIRST,SV_LAST,SV_PHONE_NUM,AREA_AREA_ID)
VALUES (12,'Carly','Green','(334) 163-3867',9);
INSERT INTO SUPERVISOR (SV_ID,SV_FIRST,SV_LAST,SV_PHONE_NUM,AREA_AREA_ID)
VALUES (13,'Danielle','Ferguson','(329) 833-5725',13);
INSERT INTO SUPERVISOR (SV_ID,SV_FIRST,SV_LAST,SV_PHONE_NUM,AREA_AREA_ID)
VALUES (14,'Austin','Taylor','(386) 347-4768',12);
INSERT INTO SUPERVISOR (SV_ID,SV_FIRST,SV_LAST,SV_PHONE_NUM,AREA_AREA_ID)
VALUES (15,'Nathaniel','Hensley','(726) 636-9381',11);
INSERT INTO SUPERVISOR (SV_ID,SV_FIRST,SV_LAST,SV_PHONE_NUM,AREA_AREA_ID)
VALUES (16,'Gareth','Landry','1-764-463-3715',2);
INSERT INTO SUPERVISOR (SV_ID,SV_FIRST,SV_LAST,SV_PHONE_NUM,AREA_AREA_ID)
VALUES (17,'Garth','Barnett','(548) 997-5832',7);
INSERT INTO SUPERVISOR (SV_ID,SV_FIRST,SV_LAST,SV_PHONE_NUM,AREA_AREA_ID)
VALUES (18,'Xander','Campos','1-263-221-4550',1);
INSERT INTO SUPERVISOR (SV_ID,SV_FIRST,SV_LAST,SV_PHONE_NUM,AREA_AREA_ID)
VALUES (19,'Meredith','Talley','1-644-401-4721',3);
INSERT INTO SUPERVISOR (SV_ID,SV_FIRST,SV_LAST,SV_PHONE_NUM,AREA_AREA_ID)
VALUES (20,'Raphael','Reeves','(243) 836-2110',5);

-- Adds random area IDs to supervisors since we couldn't give them AREA_IDs until we actually created the areas
-- UPDATE SUPERVISOR SET AREA_ID = area_sv_sq.nextval WHERE AREA_ID IS NULL;


INSERT INTO LOCATION (LOC_ID,LOC_CITY,LOC_PHONE_NUM,LOC_ADDRESS,AREA_AREA_ID,VENDOR_V_ID)
VALUES (1,'San Jose','(366) 785-2547','P.O. Box 359, 9077 Arcu. St.',14,9);
INSERT INTO LOCATION (LOC_ID,LOC_CITY,LOC_PHONE_NUM,LOC_ADDRESS,AREA_AREA_ID,VENDOR_V_ID)
VALUES (2,'Baton Rouge','(765) 379-3582','3045 Nunc Road',18,9);
INSERT INTO LOCATION (LOC_ID,LOC_CITY,LOC_PHONE_NUM,LOC_ADDRESS,AREA_AREA_ID,VENDOR_V_ID)
VALUES (3,'Annapolis','1-229-854-6389','105-3732 Dictum Rd.',4,8);
INSERT INTO LOCATION (LOC_ID,LOC_CITY,LOC_PHONE_NUM,LOC_ADDRESS,AREA_AREA_ID,VENDOR_V_ID)
VALUES (4,'Seattle','1-757-927-8797','P.O. Box 437, 1687 Dui. Rd.',14,9);
INSERT INTO LOCATION (LOC_ID,LOC_CITY,LOC_PHONE_NUM,LOC_ADDRESS,AREA_AREA_ID,VENDOR_V_ID)
VALUES (5,'Bozeman','(784) 881-2114','P.O. Box 465, 852 Cursus St.',18,5);
INSERT INTO LOCATION (LOC_ID,LOC_CITY,LOC_PHONE_NUM,LOC_ADDRESS,AREA_AREA_ID,VENDOR_V_ID)
VALUES (6,'Green Bay','1-444-789-5629','Ap #456-7506 Malesuada. Av.',19,7);
INSERT INTO LOCATION (LOC_ID,LOC_CITY,LOC_PHONE_NUM,LOC_ADDRESS,AREA_AREA_ID,VENDOR_V_ID)
VALUES (7,'Phoenix','1-238-451-5150','P.O. Box 197, 2562 Orci, Rd.',12,8);
INSERT INTO LOCATION (LOC_ID,LOC_CITY,LOC_PHONE_NUM,LOC_ADDRESS,AREA_AREA_ID,VENDOR_V_ID)
VALUES (8,'Tulsa','1-385-854-9601','785-8726 Varius Rd.',9,6);
INSERT INTO LOCATION (LOC_ID,LOC_CITY,LOC_PHONE_NUM,LOC_ADDRESS,AREA_AREA_ID,VENDOR_V_ID)
VALUES (9,'Harrisburg','(807) 391-4352','860-1485 Aliquet Street',15,8);
INSERT INTO LOCATION (LOC_ID,LOC_CITY,LOC_PHONE_NUM,LOC_ADDRESS,AREA_AREA_ID,VENDOR_V_ID)
VALUES (10,'Jacksonville','1-378-235-9573','Ap #331-2223 In Avenue',7,3);
INSERT INTO LOCATION (LOC_ID,LOC_CITY,LOC_PHONE_NUM,LOC_ADDRESS,AREA_AREA_ID,VENDOR_V_ID)
VALUES (11,'Evansville','(286) 415-8545','Ap #129-2596 Diam Ave',3,4);
INSERT INTO LOCATION (LOC_ID,LOC_CITY,LOC_PHONE_NUM,LOC_ADDRESS,AREA_AREA_ID,VENDOR_V_ID)
VALUES (12,'Tulsa','1-578-448-1006','Ap #199-5171 Amet Rd.',17,7);
INSERT INTO LOCATION (LOC_ID,LOC_CITY,LOC_PHONE_NUM,LOC_ADDRESS,AREA_AREA_ID,VENDOR_V_ID)
VALUES (13,'Topeka','(695) 752-5784','Ap #988-9957 Phasellus Road',8,3);
INSERT INTO LOCATION (LOC_ID,LOC_CITY,LOC_PHONE_NUM,LOC_ADDRESS,AREA_AREA_ID,VENDOR_V_ID)
VALUES (14,'Georgia','1-632-658-5492','644-8452 Neque Av.',4,6);
INSERT INTO LOCATION (LOC_ID,LOC_CITY,LOC_PHONE_NUM,LOC_ADDRESS,AREA_AREA_ID,VENDOR_V_ID)
VALUES (15,'Newark','1-954-758-1861','P.O. Box 655, 802 Ipsum. St.',11,7);
INSERT INTO LOCATION (LOC_ID,LOC_CITY,LOC_PHONE_NUM,LOC_ADDRESS,AREA_AREA_ID,VENDOR_V_ID)
VALUES (16,'Dallas','(285) 162-3827','Ap #887-1375 Aliquam St.',14,3);
INSERT INTO LOCATION (LOC_ID,LOC_CITY,LOC_PHONE_NUM,LOC_ADDRESS,AREA_AREA_ID,VENDOR_V_ID)
VALUES (17,'Fort Smith','1-417-887-1827','Ap #941-8131 Aliquam Road',7,8);
INSERT INTO LOCATION (LOC_ID,LOC_CITY,LOC_PHONE_NUM,LOC_ADDRESS,AREA_AREA_ID,VENDOR_V_ID)
VALUES (18,'Naperville','(916) 488-7248','789-2475 Auctor Rd.',8,7);
INSERT INTO LOCATION (LOC_ID,LOC_CITY,LOC_PHONE_NUM,LOC_ADDRESS,AREA_AREA_ID,VENDOR_V_ID)
VALUES (19,'Olathe','(768) 341-3451','Ap #383-5468 Ligula Ave',15,9);
INSERT INTO LOCATION (LOC_ID,LOC_CITY,LOC_PHONE_NUM,LOC_ADDRESS,AREA_AREA_ID,VENDOR_V_ID)
VALUES (20,'Georgia','(362) 287-1860','571-3174 Donec St.',2,4);
INSERT INTO LOCATION (LOC_ID,LOC_CITY,LOC_PHONE_NUM,LOC_ADDRESS,AREA_AREA_ID,VENDOR_V_ID)
VALUES (21,'Cedar Rapids','1-611-387-8184','517-4327 Facilisis Road',18,2);
INSERT INTO LOCATION (LOC_ID,LOC_CITY,LOC_PHONE_NUM,LOC_ADDRESS,AREA_AREA_ID,VENDOR_V_ID)
VALUES (22,'Salem','(540) 623-1243','6570 Nisi. Ave',16,3);
INSERT INTO LOCATION (LOC_ID,LOC_CITY,LOC_PHONE_NUM,LOC_ADDRESS,AREA_AREA_ID,VENDOR_V_ID)
VALUES (23,'Madison','1-745-236-1673','Ap #530-3390 Habitant Road',6,6);
INSERT INTO LOCATION (LOC_ID,LOC_CITY,LOC_PHONE_NUM,LOC_ADDRESS,AREA_AREA_ID,VENDOR_V_ID)
VALUES (24,'Lewiston','(605) 398-4354','P.O. Box 342, 7372 Ut Street',16,9);
INSERT INTO LOCATION (LOC_ID,LOC_CITY,LOC_PHONE_NUM,LOC_ADDRESS,AREA_AREA_ID,VENDOR_V_ID)
VALUES (25,'Miami','1-224-395-9827','P.O. Box 607, 6151 Eu, Ave',12,7);
INSERT INTO LOCATION (LOC_ID,LOC_CITY,LOC_PHONE_NUM,LOC_ADDRESS,AREA_AREA_ID,VENDOR_V_ID)
VALUES (26,'Milwaukee','(364) 476-9365','Ap #901-3768 Vehicula. St.',17,6);
INSERT INTO LOCATION (LOC_ID,LOC_CITY,LOC_PHONE_NUM,LOC_ADDRESS,AREA_AREA_ID,VENDOR_V_ID)
VALUES (27,'Fort Smith','(693) 586-7442','Ap #105-6182 Risus, Road',6,3);
INSERT INTO LOCATION (LOC_ID,LOC_CITY,LOC_PHONE_NUM,LOC_ADDRESS,AREA_AREA_ID,VENDOR_V_ID)
VALUES (28,'Memphis','(448) 739-3365','P.O. Box 959, 5006 Lectus Road',14,9);
INSERT INTO LOCATION (LOC_ID,LOC_CITY,LOC_PHONE_NUM,LOC_ADDRESS,AREA_AREA_ID,VENDOR_V_ID)
VALUES (29,'Fort Collins','1-733-873-4522','P.O. Box 274, 8229 Sem. Avenue',9,9);
INSERT INTO LOCATION (LOC_ID,LOC_CITY,LOC_PHONE_NUM,LOC_ADDRESS,AREA_AREA_ID,VENDOR_V_ID)
VALUES (30,'Philadelphia','(749) 966-5182','Ap #320-2730 Sed Street',17,5);


INSERT INTO SURVEY (SURV_ID,SURV_RATING,SURV_VISIT_DATE,SURV_CUSTOMER_COMMENTS,SURV_CUSTOMER_NUM,LOCATION_LOC_ID)
VALUES (1,2,TO_DATE('06/07/2021', 'MM/DD/YYYY'),'cold food','(483) 911-3481',9);
INSERT INTO SURVEY (SURV_ID,SURV_RATING,SURV_VISIT_DATE,SURV_CUSTOMER_COMMENTS,SURV_CUSTOMER_NUM,LOCATION_LOC_ID)
VALUES (2,10,TO_DATE('01/30/2022', 'MM/DD/YYYY'),'great fries','(675) 547-4221',22);
INSERT INTO SURVEY (SURV_ID,SURV_RATING,SURV_VISIT_DATE,SURV_CUSTOMER_COMMENTS,SURV_CUSTOMER_NUM,LOCATION_LOC_ID)
VALUES (3,9,TO_DATE('10/28/2021', 'MM/DD/YYYY'),'amazing tacos','(813) 522-4211',4);
INSERT INTO SURVEY (SURV_ID,SURV_RATING,SURV_VISIT_DATE,SURV_CUSTOMER_COMMENTS,SURV_CUSTOMER_NUM,LOCATION_LOC_ID)
VALUES (4,2,TO_DATE('01/13/2022', 'MM/DD/YYYY'),'BAD AFTERTASTE!!!','(737) 353-3390',13);
INSERT INTO SURVEY (SURV_ID,SURV_RATING,SURV_VISIT_DATE,SURV_CUSTOMER_COMMENTS,SURV_CUSTOMER_NUM,LOCATION_LOC_ID)
VALUES (5,2,TO_DATE('10/31/2021', 'MM/DD/YYYY'),'tacos too crunchy','(346) 410-0332',19);
INSERT INTO SURVEY (SURV_ID,SURV_RATING,SURV_VISIT_DATE,SURV_CUSTOMER_COMMENTS,SURV_CUSTOMER_NUM,LOCATION_LOC_ID)
VALUES (6,2,TO_DATE('03/02/2022', 'MM/DD/YYYY'),'my kids hated the milkshakes','(933) 660-7531',29);
INSERT INTO SURVEY (SURV_ID,SURV_RATING,SURV_VISIT_DATE,SURV_CUSTOMER_COMMENTS,SURV_CUSTOMER_NUM,LOCATION_LOC_ID)
VALUES (7,6,TO_DATE('09/24/2021', 'MM/DD/YYYY'),'not bad burritos','(751) 574-7835',14);
INSERT INTO SURVEY (SURV_ID,SURV_RATING,SURV_VISIT_DATE,SURV_CUSTOMER_COMMENTS,SURV_CUSTOMER_NUM,LOCATION_LOC_ID)
VALUES (8,2,TO_DATE('06/27/2021', 'MM/DD/YYYY'),'no ice in my cola??? it''s 2022!!!','(862) 372-9434',3);
INSERT INTO SURVEY (SURV_ID,SURV_RATING,SURV_VISIT_DATE,SURV_CUSTOMER_COMMENTS,SURV_CUSTOMER_NUM,LOCATION_LOC_ID)
VALUES (9,10,TO_DATE('04/15/2021', 'MM/DD/YYYY'),'AMAZING WILL COME BACK FOR SURE!','(763) 577-8942',10);
INSERT INTO SURVEY (SURV_ID,SURV_RATING,SURV_VISIT_DATE,SURV_CUSTOMER_COMMENTS,SURV_CUSTOMER_NUM,LOCATION_LOC_ID)
VALUES (10,6,TO_DATE('04/07/2021', 'MM/DD/YYYY'),'meh','(495) 555-8767',6);
INSERT INTO SURVEY (SURV_ID,SURV_RATING,SURV_VISIT_DATE,SURV_CUSTOMER_COMMENTS,SURV_CUSTOMER_NUM,LOCATION_LOC_ID)
VALUES (11,2,TO_DATE('04/29/2021', 'MM/DD/YYYY'),'refund me','(587) 784-2355',12);
INSERT INTO SURVEY (SURV_ID,SURV_RATING,SURV_VISIT_DATE,SURV_CUSTOMER_COMMENTS,SURV_CUSTOMER_NUM,LOCATION_LOC_ID)
VALUES (12,6,TO_DATE('09/13/2021', 'MM/DD/YYYY'),'no one answers the phone, missing a taco. but still delicious','(165) 717-5631',6);
INSERT INTO SURVEY (SURV_ID,SURV_RATING,SURV_VISIT_DATE,SURV_CUSTOMER_COMMENTS,SURV_CUSTOMER_NUM,LOCATION_LOC_ID)
VALUES (13,2,TO_DATE('06/13/2021', 'MM/DD/YYYY'),'haven''t been yet. the interior design looks nice','(453) 224-4901',9);
INSERT INTO SURVEY (SURV_ID,SURV_RATING,SURV_VISIT_DATE,SURV_CUSTOMER_COMMENTS,SURV_CUSTOMER_NUM,LOCATION_LOC_ID)
VALUES (14,10,TO_DATE('12/21/2021', 'MM/DD/YYYY'),'Such an exquisite establishment, I must say.','(705) 630-1233',24);
INSERT INTO SURVEY (SURV_ID,SURV_RATING,SURV_VISIT_DATE,SURV_CUSTOMER_COMMENTS,SURV_CUSTOMER_NUM,LOCATION_LOC_ID)
VALUES (15,9,TO_DATE('03/02/2022', 'MM/DD/YYYY'),'The delight and pure euphoria that my children experienced from these tacos was unmatched','(756) 666-5155',12);
INSERT INTO SURVEY (SURV_ID,SURV_RATING,SURV_VISIT_DATE,SURV_CUSTOMER_COMMENTS,SURV_CUSTOMER_NUM,LOCATION_LOC_ID)
VALUES (16,2,TO_DATE('03/24/2022', 'MM/DD/YYYY'),'I liked the tacos but my stomach didn''t','(655) 910-0676',12);
INSERT INTO SURVEY (SURV_ID,SURV_RATING,SURV_VISIT_DATE,SURV_CUSTOMER_COMMENTS,SURV_CUSTOMER_NUM,LOCATION_LOC_ID)
VALUES (17,7,TO_DATE('06/22/2021', 'MM/DD/YYYY'),'it''s ok i guess','(425) 136-7824',5);
INSERT INTO SURVEY (SURV_ID,SURV_RATING,SURV_VISIT_DATE,SURV_CUSTOMER_COMMENTS,SURV_CUSTOMER_NUM,LOCATION_LOC_ID)
VALUES (18,2,TO_DATE('01/11/2022', 'MM/DD/YYYY'),'never coming back again','(429) 934-2746',6);

INSERT INTO RECORD (REC_ID,REC_DATE,REC_SALES,LOC_ID)
VALUES (1, TO_DATE('07/21/2021', 'MM/DD/YYYY'), 35102,19);
INSERT INTO RECORD (REC_ID,REC_DATE,REC_SALES,LOC_ID)
VALUES (2, TO_DATE('03/21/2022', 'MM/DD/YYYY'), 46561,10);
INSERT INTO RECORD (REC_ID,REC_DATE,REC_SALES,LOC_ID)
VALUES (3, TO_DATE('02/23/2023', 'MM/DD/YYYY'), 28018,3);
INSERT INTO RECORD (REC_ID,REC_DATE,REC_SALES,LOC_ID)
VALUES (4, TO_DATE('06/24/2021', 'MM/DD/YYYY'), 75931,12);
INSERT INTO RECORD (REC_ID,REC_DATE,REC_SALES,LOC_ID)
VALUES (5, TO_DATE('04/17/2021', 'MM/DD/YYYY'), 66184,15);
INSERT INTO RECORD (REC_ID,REC_DATE,REC_SALES,LOC_ID)
VALUES (6, TO_DATE('10/17/2022', 'MM/DD/YYYY'), 24965,7);
INSERT INTO RECORD (REC_ID,REC_DATE,REC_SALES,LOC_ID)
VALUES (7, TO_DATE('12/13/2021', 'MM/DD/YYYY'), 31356,2);
INSERT INTO RECORD (REC_ID,REC_DATE,REC_SALES,LOC_ID)
VALUES (8, TO_DATE('10/16/2022', 'MM/DD/YYYY'), 64532,6);
INSERT INTO RECORD (REC_ID,REC_DATE,REC_SALES,LOC_ID)
VALUES (9, TO_DATE('11/10/2021', 'MM/DD/YYYY'), 25846,26);
INSERT INTO RECORD (REC_ID,REC_DATE,REC_SALES,LOC_ID)
VALUES (10, TO_DATE('10/29/2021', 'MM/DD/YYYY'), 9043,5);
INSERT INTO RECORD (REC_ID,REC_DATE,REC_SALES,LOC_ID)
VALUES (11, TO_DATE('01/01/2022', 'MM/DD/YYYY'), 46231,17);
INSERT INTO RECORD (REC_ID,REC_DATE,REC_SALES,LOC_ID)
VALUES (12, TO_DATE('03/12/2022', 'MM/DD/YYYY'), 54772,6);
INSERT INTO RECORD (REC_ID,REC_DATE,REC_SALES,LOC_ID)
VALUES (13, TO_DATE('02/02/2023', 'MM/DD/YYYY'), 82163,3);
INSERT INTO RECORD (REC_ID,REC_DATE,REC_SALES,LOC_ID)
VALUES (14, TO_DATE('08/07/2022', 'MM/DD/YYYY'), 18275,24);
INSERT INTO RECORD (REC_ID,REC_DATE,REC_SALES,LOC_ID)
VALUES (15, TO_DATE('08/07/2022', 'MM/DD/YYYY'), 31492,10);
INSERT INTO RECORD (REC_ID,REC_DATE,REC_SALES,LOC_ID)
VALUES (16, TO_DATE('08/15/2022', 'MM/DD/YYYY'), 17114,16);
INSERT INTO RECORD (REC_ID,REC_DATE,REC_SALES,LOC_ID)
VALUES (17, TO_DATE('02/19/2023', 'MM/DD/YYYY'), 38970,9);
INSERT INTO RECORD (REC_ID,REC_DATE,REC_SALES,LOC_ID)
VALUES (18, TO_DATE('07/08/2021', 'MM/DD/YYYY'), 42319,14);
INSERT INTO RECORD (REC_ID,REC_DATE,REC_SALES,LOC_ID)
VALUES (19, TO_DATE('07/12/2022', 'MM/DD/YYYY'), 76778,20);
INSERT INTO RECORD (REC_ID,REC_DATE,REC_SALES,LOC_ID)
VALUES (20, TO_DATE('04/25/2022', 'MM/DD/YYYY'), 53318,4);
INSERT INTO RECORD (REC_ID,REC_DATE,REC_SALES,LOC_ID)
VALUES (21, TO_DATE('10/29/2021', 'MM/DD/YYYY'), 43191,5);
INSERT INTO RECORD (REC_ID,REC_DATE,REC_SALES,LOC_ID)
VALUES (22, TO_DATE('11/03/2021', 'MM/DD/YYYY'), 77533,17);
INSERT INTO RECORD (REC_ID,REC_DATE,REC_SALES,LOC_ID)
VALUES (23, TO_DATE('01/14/2023', 'MM/DD/YYYY'), 75798,8);
INSERT INTO RECORD (REC_ID,REC_DATE,REC_SALES,LOC_ID)
VALUES (24, TO_DATE('01/11/2023', 'MM/DD/YYYY'), 29928,23);
INSERT INTO RECORD (REC_ID,REC_DATE,REC_SALES,LOC_ID)
VALUES (25, TO_DATE('03/25/2023', 'MM/DD/YYYY'), 29242,12);
INSERT INTO RECORD (REC_ID,REC_DATE,REC_SALES,LOC_ID)
VALUES (26, TO_DATE('01/18/2022', 'MM/DD/YYYY'), 9288,21);
INSERT INTO RECORD (REC_ID,REC_DATE,REC_SALES,LOC_ID)
VALUES (27, TO_DATE('12/24/2021', 'MM/DD/YYYY'), 15814,18);
INSERT INTO RECORD (REC_ID,REC_DATE,REC_SALES,LOC_ID)
VALUES (28, TO_DATE('11/10/2021', 'MM/DD/YYYY'), 22786,16);
INSERT INTO RECORD (REC_ID,REC_DATE,REC_SALES,LOC_ID)
VALUES (29, TO_DATE('10/01/2022', 'MM/DD/YYYY'), 56286,12);
INSERT INTO RECORD (REC_ID,REC_DATE,REC_SALES,LOC_ID)
VALUES (30, TO_DATE('05/08/2021', 'MM/DD/YYYY'), 51767,11);
INSERT INTO RECORD (REC_ID,REC_DATE,REC_SALES,LOC_ID)
VALUES (31, TO_DATE('09/01/2021', 'MM/DD/YYYY'), 67150,9);
INSERT INTO RECORD (REC_ID,REC_DATE,REC_SALES,LOC_ID)
VALUES (32, TO_DATE('09/09/2021', 'MM/DD/YYYY'), 10153,19);
INSERT INTO RECORD (REC_ID,REC_DATE,REC_SALES,LOC_ID)
VALUES (33, TO_DATE('06/08/2021', 'MM/DD/YYYY'), 54091,6);
INSERT INTO RECORD (REC_ID,REC_DATE,REC_SALES,LOC_ID)
VALUES (34, TO_DATE('04/04/2023', 'MM/DD/YYYY'), 54709,6);
INSERT INTO RECORD (REC_ID,REC_DATE,REC_SALES,LOC_ID)
VALUES (35, TO_DATE('08/22/2021', 'MM/DD/YYYY'), 20674,8);
INSERT INTO RECORD (REC_ID,REC_DATE,REC_SALES,LOC_ID)
VALUES (36, TO_DATE('03/24/2023', 'MM/DD/YYYY'), 9703,2);
INSERT INTO RECORD (REC_ID,REC_DATE,REC_SALES,LOC_ID)
VALUES (37, TO_DATE('06/10/2021', 'MM/DD/YYYY'), 53883,11);
INSERT INTO RECORD (REC_ID,REC_DATE,REC_SALES,LOC_ID)
VALUES (38, TO_DATE('03/20/2023', 'MM/DD/YYYY'), 24446,13);
INSERT INTO RECORD (REC_ID,REC_DATE,REC_SALES,LOC_ID)
VALUES (39, TO_DATE('02/09/2022', 'MM/DD/YYYY'), 25919,8);
INSERT INTO RECORD (REC_ID,REC_DATE,REC_SALES,LOC_ID)
VALUES (40, TO_DATE('04/28/2021', 'MM/DD/YYYY'), 37087,15);
INSERT INTO RECORD (REC_ID,REC_DATE,REC_SALES,LOC_ID)
VALUES (41, TO_DATE('09/17/2021', 'MM/DD/YYYY'), 24010,6);
INSERT INTO RECORD (REC_ID,REC_DATE,REC_SALES,LOC_ID)
VALUES (42, TO_DATE('05/19/2021', 'MM/DD/YYYY'), 6952,24);
INSERT INTO RECORD (REC_ID,REC_DATE,REC_SALES,LOC_ID)
VALUES (43, TO_DATE('12/12/2021', 'MM/DD/YYYY'), 39894,16);
INSERT INTO RECORD (REC_ID,REC_DATE,REC_SALES,LOC_ID)
VALUES (44, TO_DATE('08/02/2022', 'MM/DD/YYYY'), 20339,9);
INSERT INTO RECORD (REC_ID,REC_DATE,REC_SALES,LOC_ID)
VALUES (45, TO_DATE('05/08/2021', 'MM/DD/YYYY'), 8557,15);
INSERT INTO RECORD (REC_ID,REC_DATE,REC_SALES,LOC_ID)
VALUES (46, TO_DATE('04/06/2022', 'MM/DD/YYYY'), 23343,24);
INSERT INTO RECORD (REC_ID,REC_DATE,REC_SALES,LOC_ID)
VALUES (47, TO_DATE('09/06/2021', 'MM/DD/YYYY'), 74966,4);
INSERT INTO RECORD (REC_ID,REC_DATE,REC_SALES,LOC_ID)
VALUES (48, TO_DATE('02/12/2023', 'MM/DD/YYYY'), 68246,10);
INSERT INTO RECORD (REC_ID,REC_DATE,REC_SALES,LOC_ID)
VALUES (49, TO_DATE('01/06/2022', 'MM/DD/YYYY'), 48176,12);
INSERT INTO RECORD (REC_ID,REC_DATE,REC_SALES,LOC_ID)
VALUES (50, TO_DATE('04/20/2021', 'MM/DD/YYYY'), 81646,15);
INSERT INTO RECORD (REC_ID,REC_DATE,REC_SALES,LOC_ID)
VALUES (51, TO_DATE('01/01/2023', 'MM/DD/YYYY'), 34625,16);
INSERT INTO RECORD (REC_ID,REC_DATE,REC_SALES,LOC_ID)
VALUES (52, TO_DATE('08/12/2021', 'MM/DD/YYYY'), 72880,14);
INSERT INTO RECORD (REC_ID,REC_DATE,REC_SALES,LOC_ID)
VALUES (53, TO_DATE('05/21/2021', 'MM/DD/YYYY'), 48294,7);
INSERT INTO RECORD (REC_ID,REC_DATE,REC_SALES,LOC_ID)
VALUES (54, TO_DATE('10/25/2022', 'MM/DD/YYYY'), 42539,29);
INSERT INTO RECORD (REC_ID,REC_DATE,REC_SALES,LOC_ID)
VALUES (55, TO_DATE('06/15/2021', 'MM/DD/YYYY'), 53249,16);
INSERT INTO RECORD (REC_ID,REC_DATE,REC_SALES,LOC_ID)
VALUES (56, TO_DATE('01/01/2023', 'MM/DD/YYYY'), 18335,8);
INSERT INTO RECORD (REC_ID,REC_DATE,REC_SALES,LOC_ID)
VALUES (57, TO_DATE('12/09/2022', 'MM/DD/YYYY'), 42908,19);
INSERT INTO RECORD (REC_ID,REC_DATE,REC_SALES,LOC_ID)
VALUES (58, TO_DATE('01/18/2023', 'MM/DD/YYYY'), 73316,15);
INSERT INTO RECORD (REC_ID,REC_DATE,REC_SALES,LOC_ID)
VALUES (59, TO_DATE('09/23/2021', 'MM/DD/YYYY'), 40216,22);
INSERT INTO RECORD (REC_ID,REC_DATE,REC_SALES,LOC_ID)
VALUES (60, TO_DATE('04/29/2022', 'MM/DD/YYYY'), 10228,8);
INSERT INTO RECORD (REC_ID,REC_DATE,REC_SALES,LOC_ID)
VALUES (61, TO_DATE('04/15/2022', 'MM/DD/YYYY'), 76250,18);
INSERT INTO RECORD (REC_ID,REC_DATE,REC_SALES,LOC_ID)
VALUES (62, TO_DATE('07/13/2021', 'MM/DD/YYYY'), 23299,14);
INSERT INTO RECORD (REC_ID,REC_DATE,REC_SALES,LOC_ID)
VALUES (63, TO_DATE('12/03/2022', 'MM/DD/YYYY'), 21458,3);
INSERT INTO RECORD (REC_ID,REC_DATE,REC_SALES,LOC_ID)
VALUES (64, TO_DATE('04/14/2022', 'MM/DD/YYYY'), 23883,3);
INSERT INTO RECORD (REC_ID,REC_DATE,REC_SALES,LOC_ID)
VALUES (65, TO_DATE('09/26/2021', 'MM/DD/YYYY'), 34800,1);
INSERT INTO RECORD (REC_ID,REC_DATE,REC_SALES,LOC_ID)
VALUES (66, TO_DATE('01/27/2023', 'MM/DD/YYYY'), 39934,5);
INSERT INTO RECORD (REC_ID,REC_DATE,REC_SALES,LOC_ID)
VALUES (67, TO_DATE('04/05/2022', 'MM/DD/YYYY'), 60127,21);
INSERT INTO RECORD (REC_ID,REC_DATE,REC_SALES,LOC_ID)
VALUES (68, TO_DATE('08/01/2022', 'MM/DD/YYYY'), 57296,4);
INSERT INTO RECORD (REC_ID,REC_DATE,REC_SALES,LOC_ID)
VALUES (69, TO_DATE('02/17/2022', 'MM/DD/YYYY'), 62737,10);
INSERT INTO RECORD (REC_ID,REC_DATE,REC_SALES,LOC_ID)
VALUES (70, TO_DATE('06/04/2021', 'MM/DD/YYYY'), 54398,1);
INSERT INTO RECORD (REC_ID,REC_DATE,REC_SALES,LOC_ID)
VALUES (71, TO_DATE('07/07/2021', 'MM/DD/YYYY'), 8233,10);
INSERT INTO RECORD (REC_ID,REC_DATE,REC_SALES,LOC_ID)
VALUES (72, TO_DATE('05/11/2022', 'MM/DD/YYYY'), 24065,9);
INSERT INTO RECORD (REC_ID,REC_DATE,REC_SALES,LOC_ID)
VALUES (73, TO_DATE('07/12/2021', 'MM/DD/YYYY'), 12618,6);
INSERT INTO RECORD (REC_ID,REC_DATE,REC_SALES,LOC_ID)
VALUES (74, TO_DATE('02/04/2023', 'MM/DD/YYYY'), 70178,3);
INSERT INTO RECORD (REC_ID,REC_DATE,REC_SALES,LOC_ID)
VALUES (75, TO_DATE('12/14/2021', 'MM/DD/YYYY'), 16709,24);
INSERT INTO RECORD (REC_ID,REC_DATE,REC_SALES,LOC_ID)
VALUES (76, TO_DATE('10/17/2022', 'MM/DD/YYYY'), 13938,29);
INSERT INTO RECORD (REC_ID,REC_DATE,REC_SALES,LOC_ID)
VALUES (77, TO_DATE('08/19/2022', 'MM/DD/YYYY'), 43707,6);
INSERT INTO RECORD (REC_ID,REC_DATE,REC_SALES,LOC_ID)
VALUES (78, TO_DATE('03/01/2023', 'MM/DD/YYYY'), 40194,14);
INSERT INTO RECORD (REC_ID,REC_DATE,REC_SALES,LOC_ID)
VALUES (79, TO_DATE('03/24/2022', 'MM/DD/YYYY'), 39616,23);
INSERT INTO RECORD (REC_ID,REC_DATE,REC_SALES,LOC_ID)
VALUES (80, TO_DATE('09/27/2021', 'MM/DD/YYYY'), 20608,23);
INSERT INTO RECORD (REC_ID,REC_DATE,REC_SALES,LOC_ID)
VALUES (81, TO_DATE('07/30/2021', 'MM/DD/YYYY'), 48857,29);
INSERT INTO RECORD (REC_ID,REC_DATE,REC_SALES,LOC_ID)
VALUES (82, TO_DATE('06/02/2021', 'MM/DD/YYYY'), 21411,27);
INSERT INTO RECORD (REC_ID,REC_DATE,REC_SALES,LOC_ID)
VALUES (83, TO_DATE('02/19/2022', 'MM/DD/YYYY'), 77294,1);
INSERT INTO RECORD (REC_ID,REC_DATE,REC_SALES,LOC_ID)
VALUES (84, TO_DATE('09/20/2021', 'MM/DD/YYYY'), 13022,11);
INSERT INTO RECORD (REC_ID,REC_DATE,REC_SALES,LOC_ID)
VALUES (85, TO_DATE('11/06/2021', 'MM/DD/YYYY'), 43490,28);
INSERT INTO RECORD (REC_ID,REC_DATE,REC_SALES,LOC_ID)
VALUES (86, TO_DATE('08/20/2021', 'MM/DD/YYYY'), 27735,28);
INSERT INTO RECORD (REC_ID,REC_DATE,REC_SALES,LOC_ID)
VALUES (87, TO_DATE('12/03/2022', 'MM/DD/YYYY'), 10105,30);
INSERT INTO RECORD (REC_ID,REC_DATE,REC_SALES,LOC_ID)
VALUES (88, TO_DATE('11/25/2022', 'MM/DD/YYYY'), 75081,22);
INSERT INTO RECORD (REC_ID,REC_DATE,REC_SALES,LOC_ID)
VALUES (89, TO_DATE('06/18/2021', 'MM/DD/YYYY'), 22502,18);
INSERT INTO RECORD (REC_ID,REC_DATE,REC_SALES,LOC_ID)
VALUES (90, TO_DATE('03/19/2023', 'MM/DD/YYYY'), 4048,2);
INSERT INTO RECORD (REC_ID,REC_DATE,REC_SALES,LOC_ID)
VALUES (91, TO_DATE('11/21/2021', 'MM/DD/YYYY'), 30151,4);
INSERT INTO RECORD (REC_ID,REC_DATE,REC_SALES,LOC_ID)
VALUES (92, TO_DATE('04/23/2022', 'MM/DD/YYYY'), 14915,16);
INSERT INTO RECORD (REC_ID,REC_DATE,REC_SALES,LOC_ID)
VALUES (93, TO_DATE('03/07/2023', 'MM/DD/YYYY'), 54612,27);
INSERT INTO RECORD (REC_ID,REC_DATE,REC_SALES,LOC_ID)
VALUES (94, TO_DATE('11/15/2022', 'MM/DD/YYYY'), 21728,5);
INSERT INTO RECORD (REC_ID,REC_DATE,REC_SALES,LOC_ID)
VALUES (95, TO_DATE('06/25/2021', 'MM/DD/YYYY'), 80996,12);
INSERT INTO RECORD (REC_ID,REC_DATE,REC_SALES,LOC_ID)
VALUES (96, TO_DATE('04/18/2021', 'MM/DD/YYYY'), 40395,8);
INSERT INTO RECORD (REC_ID,REC_DATE,REC_SALES,LOC_ID)
VALUES (97, TO_DATE('08/20/2021', 'MM/DD/YYYY'), 61141,1);
INSERT INTO RECORD (REC_ID,REC_DATE,REC_SALES,LOC_ID)
VALUES (98, TO_DATE('01/09/2023', 'MM/DD/YYYY'), 80153,26);
INSERT INTO RECORD (REC_ID,REC_DATE,REC_SALES,LOC_ID)
VALUES (99, TO_DATE('04/07/2022', 'MM/DD/YYYY'), 13065,12);
INSERT INTO RECORD (REC_ID,REC_DATE,REC_SALES,LOC_ID)
VALUES (100, TO_DATE('08/16/2021', 'MM/DD/YYYY'), 78735,13);
INSERT INTO RECORD (REC_ID,REC_DATE,REC_SALES,LOC_ID)
VALUES (101, TO_DATE('05/21/2022', 'MM/DD/YYYY'), 6935,21);
INSERT INTO RECORD (REC_ID,REC_DATE,REC_SALES,LOC_ID)
VALUES (102, TO_DATE('02/16/2023', 'MM/DD/YYYY'), 79311,21);
INSERT INTO RECORD (REC_ID,REC_DATE,REC_SALES,LOC_ID)
VALUES (103, TO_DATE('01/10/2022', 'MM/DD/YYYY'), 35147,23);
INSERT INTO RECORD (REC_ID,REC_DATE,REC_SALES,LOC_ID)
VALUES (104, TO_DATE('12/14/2022', 'MM/DD/YYYY'), 56128,1);
INSERT INTO RECORD (REC_ID,REC_DATE,REC_SALES,LOC_ID)
VALUES (105, TO_DATE('06/13/2021', 'MM/DD/YYYY'), 21447,12);
INSERT INTO RECORD (REC_ID,REC_DATE,REC_SALES,LOC_ID)
VALUES (106, TO_DATE('03/17/2023', 'MM/DD/YYYY'), 73216,14);
INSERT INTO RECORD (REC_ID,REC_DATE,REC_SALES,LOC_ID)
VALUES (107, TO_DATE('01/31/2022', 'MM/DD/YYYY'), 62067,6);
INSERT INTO RECORD (REC_ID,REC_DATE,REC_SALES,LOC_ID)
VALUES (108, TO_DATE('07/30/2022', 'MM/DD/YYYY'), 18460,18);
INSERT INTO RECORD (REC_ID,REC_DATE,REC_SALES,LOC_ID)
VALUES (109, TO_DATE('01/14/2022', 'MM/DD/YYYY'), 53340,12);
INSERT INTO RECORD (REC_ID,REC_DATE,REC_SALES,LOC_ID)
VALUES (110, TO_DATE('05/03/2022', 'MM/DD/YYYY'), 36568,18);
INSERT INTO RECORD (REC_ID,REC_DATE,REC_SALES,LOC_ID)
VALUES (111, TO_DATE('11/30/2022', 'MM/DD/YYYY'), 35632,23);
INSERT INTO RECORD (REC_ID,REC_DATE,REC_SALES,LOC_ID)
VALUES (112, TO_DATE('02/17/2023', 'MM/DD/YYYY'), 8629,20);
INSERT INTO RECORD (REC_ID,REC_DATE,REC_SALES,LOC_ID)
VALUES (113, TO_DATE('09/08/2022', 'MM/DD/YYYY'), 73506,24);
INSERT INTO RECORD (REC_ID,REC_DATE,REC_SALES,LOC_ID)
VALUES (114, TO_DATE('04/22/2021', 'MM/DD/YYYY'), 61701,10);
INSERT INTO RECORD (REC_ID,REC_DATE,REC_SALES,LOC_ID)
VALUES (115, TO_DATE('12/10/2022', 'MM/DD/YYYY'), 6497,7);
INSERT INTO RECORD (REC_ID,REC_DATE,REC_SALES,LOC_ID)
VALUES (116, TO_DATE('10/07/2022', 'MM/DD/YYYY'), 40693,14);
INSERT INTO RECORD (REC_ID,REC_DATE,REC_SALES,LOC_ID)
VALUES (117, TO_DATE('06/12/2022', 'MM/DD/YYYY'), 79149,20);
INSERT INTO RECORD (REC_ID,REC_DATE,REC_SALES,LOC_ID)
VALUES (118, TO_DATE('11/29/2022', 'MM/DD/YYYY'), 24854,14);
INSERT INTO RECORD (REC_ID,REC_DATE,REC_SALES,LOC_ID)
VALUES (119, TO_DATE('03/11/2022', 'MM/DD/YYYY'), 30462,16);
INSERT INTO RECORD (REC_ID,REC_DATE,REC_SALES,LOC_ID)
VALUES (120, TO_DATE('04/09/2022', 'MM/DD/YYYY'), 64098,16);
INSERT INTO RECORD (REC_ID,REC_DATE,REC_SALES,LOC_ID)
VALUES (121, TO_DATE('10/20/2021', 'MM/DD/YYYY'), 8269,15);
INSERT INTO RECORD (REC_ID,REC_DATE,REC_SALES,LOC_ID)
VALUES (122, TO_DATE('08/30/2021', 'MM/DD/YYYY'), 67541,18);
INSERT INTO RECORD (REC_ID,REC_DATE,REC_SALES,LOC_ID)
VALUES (123, TO_DATE('07/14/2022', 'MM/DD/YYYY'), 44529,22);
INSERT INTO RECORD (REC_ID,REC_DATE,REC_SALES,LOC_ID)
VALUES (124, TO_DATE('09/19/2022', 'MM/DD/YYYY'), 4660,25);
INSERT INTO RECORD (REC_ID,REC_DATE,REC_SALES,LOC_ID)
VALUES (125, TO_DATE('05/03/2021', 'MM/DD/YYYY'), 47774,29);
INSERT INTO RECORD (REC_ID,REC_DATE,REC_SALES,LOC_ID)
VALUES (126, TO_DATE('10/04/2022', 'MM/DD/YYYY'), 21966,23);
INSERT INTO RECORD (REC_ID,REC_DATE,REC_SALES,LOC_ID)
VALUES (127, TO_DATE('09/28/2022', 'MM/DD/YYYY'), 32451,28);
INSERT INTO RECORD (REC_ID,REC_DATE,REC_SALES,LOC_ID)
VALUES (128, TO_DATE('02/28/2022', 'MM/DD/YYYY'), 49777,18);
INSERT INTO RECORD (REC_ID,REC_DATE,REC_SALES,LOC_ID)
VALUES (129, TO_DATE('12/17/2022', 'MM/DD/YYYY'), 41074,16);
INSERT INTO RECORD (REC_ID,REC_DATE,REC_SALES,LOC_ID)
VALUES (130, TO_DATE('07/13/2021', 'MM/DD/YYYY'), 76734,6);
INSERT INTO RECORD (REC_ID,REC_DATE,REC_SALES,LOC_ID)
VALUES (131, TO_DATE('02/25/2023', 'MM/DD/YYYY'), 65737,18);
INSERT INTO RECORD (REC_ID,REC_DATE,REC_SALES,LOC_ID)
VALUES (132, TO_DATE('06/25/2022', 'MM/DD/YYYY'), 34015,5);
INSERT INTO RECORD (REC_ID,REC_DATE,REC_SALES,LOC_ID)
VALUES (133, TO_DATE('05/13/2021', 'MM/DD/YYYY'), 27005,13);
INSERT INTO RECORD (REC_ID,REC_DATE,REC_SALES,LOC_ID)
VALUES (134, TO_DATE('06/29/2021', 'MM/DD/YYYY'), 42268,18);
INSERT INTO RECORD (REC_ID,REC_DATE,REC_SALES,LOC_ID)
VALUES (135, TO_DATE('08/29/2021', 'MM/DD/YYYY'), 79438,28);
INSERT INTO RECORD (REC_ID,REC_DATE,REC_SALES,LOC_ID)
VALUES (136, TO_DATE('10/18/2022', 'MM/DD/YYYY'), 15017,13);
INSERT INTO RECORD (REC_ID,REC_DATE,REC_SALES,LOC_ID)
VALUES (137, TO_DATE('11/07/2021', 'MM/DD/YYYY'), 20178,29);
INSERT INTO RECORD (REC_ID,REC_DATE,REC_SALES,LOC_ID)
VALUES (138, TO_DATE('01/15/2023', 'MM/DD/YYYY'), 70433,28);
INSERT INTO RECORD (REC_ID,REC_DATE,REC_SALES,LOC_ID)
VALUES (139, TO_DATE('02/24/2023', 'MM/DD/YYYY'), 81018,8);
INSERT INTO RECORD (REC_ID,REC_DATE,REC_SALES,LOC_ID)
VALUES (140, TO_DATE('04/20/2022', 'MM/DD/YYYY'), 61143,8);
INSERT INTO RECORD (REC_ID,REC_DATE,REC_SALES,LOC_ID)
VALUES (141, TO_DATE('02/26/2023', 'MM/DD/YYYY'), 14907,15);
INSERT INTO RECORD (REC_ID,REC_DATE,REC_SALES,LOC_ID)
VALUES (142, TO_DATE('09/26/2022', 'MM/DD/YYYY'), 63290,20);
INSERT INTO RECORD (REC_ID,REC_DATE,REC_SALES,LOC_ID)
VALUES (143, TO_DATE('05/06/2022', 'MM/DD/YYYY'), 16376,16);
INSERT INTO RECORD (REC_ID,REC_DATE,REC_SALES,LOC_ID)
VALUES (144, TO_DATE('12/08/2021', 'MM/DD/YYYY'), 3096,12);
INSERT INTO RECORD (REC_ID,REC_DATE,REC_SALES,LOC_ID)
VALUES (145, TO_DATE('08/24/2022', 'MM/DD/YYYY'), 15699,7);
INSERT INTO RECORD (REC_ID,REC_DATE,REC_SALES,LOC_ID)
VALUES (146, TO_DATE('11/28/2021', 'MM/DD/YYYY'), 54929,24);
INSERT INTO RECORD (REC_ID,REC_DATE,REC_SALES,LOC_ID)
VALUES (147, TO_DATE('04/10/2021', 'MM/DD/YYYY'), 31745,14);
INSERT INTO RECORD (REC_ID,REC_DATE,REC_SALES,LOC_ID)
VALUES (148, TO_DATE('11/13/2021', 'MM/DD/YYYY'), 68765,3);
INSERT INTO RECORD (REC_ID,REC_DATE,REC_SALES,LOC_ID)
VALUES (149, TO_DATE('04/23/2022', 'MM/DD/YYYY'), 29112,25);
INSERT INTO RECORD (REC_ID,REC_DATE,REC_SALES,LOC_ID)
VALUES (150, TO_DATE('07/18/2021', 'MM/DD/YYYY'), 70344,24);
INSERT INTO RECORD (REC_ID,REC_DATE,REC_SALES,LOC_ID)
VALUES (151, TO_DATE('06/24/2021', 'MM/DD/YYYY'), 3939,11);
INSERT INTO RECORD (REC_ID,REC_DATE,REC_SALES,LOC_ID)
VALUES (152, TO_DATE('12/11/2022', 'MM/DD/YYYY'), 30993,19);
INSERT INTO RECORD (REC_ID,REC_DATE,REC_SALES,LOC_ID)
VALUES (153, TO_DATE('04/05/2023', 'MM/DD/YYYY'), 75000,21);
INSERT INTO RECORD (REC_ID,REC_DATE,REC_SALES,LOC_ID)
VALUES (154, TO_DATE('01/26/2023', 'MM/DD/YYYY'), 10258,2);
INSERT INTO RECORD (REC_ID,REC_DATE,REC_SALES,LOC_ID)
VALUES (155, TO_DATE('01/31/2022', 'MM/DD/YYYY'), 25937,12);
INSERT INTO RECORD (REC_ID,REC_DATE,REC_SALES,LOC_ID)
VALUES (156, TO_DATE('01/23/2022', 'MM/DD/YYYY'), 19600,5);
INSERT INTO RECORD (REC_ID,REC_DATE,REC_SALES,LOC_ID)
VALUES (157, TO_DATE('02/24/2023', 'MM/DD/YYYY'), 61431,13);
INSERT INTO RECORD (REC_ID,REC_DATE,REC_SALES,LOC_ID)
VALUES (158, TO_DATE('06/13/2022', 'MM/DD/YYYY'), 15520,26);
INSERT INTO RECORD (REC_ID,REC_DATE,REC_SALES,LOC_ID)
VALUES (159, TO_DATE('12/22/2021', 'MM/DD/YYYY'), 28297,22);
INSERT INTO RECORD (REC_ID,REC_DATE,REC_SALES,LOC_ID)
VALUES (160, TO_DATE('12/02/2022', 'MM/DD/YYYY'), 39933,8);
INSERT INTO RECORD (REC_ID,REC_DATE,REC_SALES,LOC_ID)
VALUES (161, TO_DATE('02/04/2023', 'MM/DD/YYYY'), 34755,28);
INSERT INTO RECORD (REC_ID,REC_DATE,REC_SALES,LOC_ID)
VALUES (162, TO_DATE('05/08/2021', 'MM/DD/YYYY'), 84588,11);
INSERT INTO RECORD (REC_ID,REC_DATE,REC_SALES,LOC_ID)
VALUES (163, TO_DATE('07/31/2022', 'MM/DD/YYYY'), 75998,25);
INSERT INTO RECORD (REC_ID,REC_DATE,REC_SALES,LOC_ID)
VALUES (164, TO_DATE('02/02/2022', 'MM/DD/YYYY'), 51594,29);
INSERT INTO RECORD (REC_ID,REC_DATE,REC_SALES,LOC_ID)
VALUES (165, TO_DATE('08/03/2021', 'MM/DD/YYYY'), 29765,26);
INSERT INTO RECORD (REC_ID,REC_DATE,REC_SALES,LOC_ID)
VALUES (166, TO_DATE('04/01/2022', 'MM/DD/YYYY'), 17222,29);
INSERT INTO RECORD (REC_ID,REC_DATE,REC_SALES,LOC_ID)
VALUES (167, TO_DATE('09/11/2022', 'MM/DD/YYYY'), 49951,19);
INSERT INTO RECORD (REC_ID,REC_DATE,REC_SALES,LOC_ID)
VALUES (168, TO_DATE('11/16/2021', 'MM/DD/YYYY'), 49537,17);
INSERT INTO RECORD (REC_ID,REC_DATE,REC_SALES,LOC_ID)
VALUES (169, TO_DATE('10/30/2022', 'MM/DD/YYYY'), 46216,3);
INSERT INTO RECORD (REC_ID,REC_DATE,REC_SALES,LOC_ID)
VALUES (170, TO_DATE('04/21/2022', 'MM/DD/YYYY'), 52634,5);
INSERT INTO RECORD (REC_ID,REC_DATE,REC_SALES,LOC_ID)
VALUES (171, TO_DATE('04/13/2021', 'MM/DD/YYYY'), 8166,18);
INSERT INTO RECORD (REC_ID,REC_DATE,REC_SALES,LOC_ID)
VALUES (172, TO_DATE('11/11/2021', 'MM/DD/YYYY'), 16861,16);
INSERT INTO RECORD (REC_ID,REC_DATE,REC_SALES,LOC_ID)
VALUES (173, TO_DATE('12/10/2021', 'MM/DD/YYYY'), 62642,23);
INSERT INTO RECORD (REC_ID,REC_DATE,REC_SALES,LOC_ID)
VALUES (174, TO_DATE('02/23/2023', 'MM/DD/YYYY'), 43442,4);
INSERT INTO RECORD (REC_ID,REC_DATE,REC_SALES,LOC_ID)
VALUES (175, TO_DATE('01/12/2022', 'MM/DD/YYYY'), 63869,6);
INSERT INTO RECORD (REC_ID,REC_DATE,REC_SALES,LOC_ID)
VALUES (176, TO_DATE('09/04/2021', 'MM/DD/YYYY'), 45347,6);
INSERT INTO RECORD (REC_ID,REC_DATE,REC_SALES,LOC_ID)
VALUES (177, TO_DATE('12/07/2022', 'MM/DD/YYYY'), 83132,5);
INSERT INTO RECORD (REC_ID,REC_DATE,REC_SALES,LOC_ID)
VALUES (178, TO_DATE('11/12/2022', 'MM/DD/YYYY'), 8121,3);
INSERT INTO RECORD (REC_ID,REC_DATE,REC_SALES,LOC_ID)
VALUES (179, TO_DATE('01/08/2023', 'MM/DD/YYYY'), 49436,2);
INSERT INTO RECORD (REC_ID,REC_DATE,REC_SALES,LOC_ID)
VALUES (180, TO_DATE('12/31/2022', 'MM/DD/YYYY'), 28695,26);
INSERT INTO RECORD (REC_ID,REC_DATE,REC_SALES,LOC_ID)
VALUES (181, TO_DATE('05/31/2022', 'MM/DD/YYYY'), 62792,3);
INSERT INTO RECORD (REC_ID,REC_DATE,REC_SALES,LOC_ID)
VALUES (182, TO_DATE('10/29/2021', 'MM/DD/YYYY'), 23030,27);
INSERT INTO RECORD (REC_ID,REC_DATE,REC_SALES,LOC_ID)
VALUES (183, TO_DATE('01/17/2022', 'MM/DD/YYYY'), 73923,12);
INSERT INTO RECORD (REC_ID,REC_DATE,REC_SALES,LOC_ID)
VALUES (184, TO_DATE('03/29/2023', 'MM/DD/YYYY'), 43087,24);
INSERT INTO RECORD (REC_ID,REC_DATE,REC_SALES,LOC_ID)
VALUES (185, TO_DATE('03/22/2023', 'MM/DD/YYYY'), 28088,14);
INSERT INTO RECORD (REC_ID,REC_DATE,REC_SALES,LOC_ID)
VALUES (186, TO_DATE('05/24/2021', 'MM/DD/YYYY'), 28008,18);
INSERT INTO RECORD (REC_ID,REC_DATE,REC_SALES,LOC_ID)
VALUES (187, TO_DATE('05/13/2022', 'MM/DD/YYYY'), 25568,22);
INSERT INTO RECORD (REC_ID,REC_DATE,REC_SALES,LOC_ID)
VALUES (188, TO_DATE('08/28/2021', 'MM/DD/YYYY'), 65117,23);
INSERT INTO RECORD (REC_ID,REC_DATE,REC_SALES,LOC_ID)
VALUES (189, TO_DATE('05/15/2021', 'MM/DD/YYYY'), 77742,16);
INSERT INTO RECORD (REC_ID,REC_DATE,REC_SALES,LOC_ID)
VALUES (190, TO_DATE('10/21/2022', 'MM/DD/YYYY'), 54108,14);
INSERT INTO RECORD (REC_ID,REC_DATE,REC_SALES,LOC_ID)
VALUES (191, TO_DATE('05/26/2022', 'MM/DD/YYYY'), 13452,18);
INSERT INTO RECORD (REC_ID,REC_DATE,REC_SALES,LOC_ID)
VALUES (192, TO_DATE('02/02/2022', 'MM/DD/YYYY'), 53335,13);
INSERT INTO RECORD (REC_ID,REC_DATE,REC_SALES,LOC_ID)
VALUES (193, TO_DATE('11/25/2021', 'MM/DD/YYYY'), 36456,29);
INSERT INTO RECORD (REC_ID,REC_DATE,REC_SALES,LOC_ID)
VALUES (194, TO_DATE('03/10/2023', 'MM/DD/YYYY'), 4409,7);
INSERT INTO RECORD (REC_ID,REC_DATE,REC_SALES,LOC_ID)
VALUES (195, TO_DATE('02/09/2022', 'MM/DD/YYYY'), 84943,4);
INSERT INTO RECORD (REC_ID,REC_DATE,REC_SALES,LOC_ID)
VALUES (196, TO_DATE('05/22/2021', 'MM/DD/YYYY'), 83788,3);
INSERT INTO RECORD (REC_ID,REC_DATE,REC_SALES,LOC_ID)
VALUES (197, TO_DATE('09/06/2022', 'MM/DD/YYYY'), 22929,5);
INSERT INTO RECORD (REC_ID,REC_DATE,REC_SALES,LOC_ID)
VALUES (198, TO_DATE('05/20/2021', 'MM/DD/YYYY'), 83897,5);
INSERT INTO RECORD (REC_ID,REC_DATE,REC_SALES,LOC_ID)
VALUES (199, TO_DATE('05/08/2021', 'MM/DD/YYYY'), 25781,7);
INSERT INTO RECORD (REC_ID,REC_DATE,REC_SALES,LOC_ID)
VALUES (200, TO_DATE('09/12/2022', 'MM/DD/YYYY'), 48666,13);
INSERT INTO RECORD (REC_ID,REC_DATE,REC_SALES,LOC_ID)
VALUES (201, TO_DATE('12/08/2022', 'MM/DD/YYYY'), 17172,4);
INSERT INTO RECORD (REC_ID,REC_DATE,REC_SALES,LOC_ID)
VALUES (202, TO_DATE('01/25/2022', 'MM/DD/YYYY'), 84234,21);
INSERT INTO RECORD (REC_ID,REC_DATE,REC_SALES,LOC_ID)
VALUES (203, TO_DATE('07/31/2022', 'MM/DD/YYYY'), 4807,16);
INSERT INTO RECORD (REC_ID,REC_DATE,REC_SALES,LOC_ID)
VALUES (204, TO_DATE('05/28/2021', 'MM/DD/YYYY'), 15523,15);
INSERT INTO RECORD (REC_ID,REC_DATE,REC_SALES,LOC_ID)
VALUES (205, TO_DATE('06/06/2021', 'MM/DD/YYYY'), 5322,2);
INSERT INTO RECORD (REC_ID,REC_DATE,REC_SALES,LOC_ID)
VALUES (206, TO_DATE('08/23/2021', 'MM/DD/YYYY'), 57481,17);
INSERT INTO RECORD (REC_ID,REC_DATE,REC_SALES,LOC_ID)
VALUES (207, TO_DATE('06/25/2021', 'MM/DD/YYYY'), 15239,2);
INSERT INTO RECORD (REC_ID,REC_DATE,REC_SALES,LOC_ID)
VALUES (208, TO_DATE('04/27/2021', 'MM/DD/YYYY'), 82884,3);
INSERT INTO RECORD (REC_ID,REC_DATE,REC_SALES,LOC_ID)
VALUES (209, TO_DATE('08/29/2022', 'MM/DD/YYYY'), 77973,9);
INSERT INTO RECORD (REC_ID,REC_DATE,REC_SALES,LOC_ID)
VALUES (210, TO_DATE('03/31/2022', 'MM/DD/YYYY'), 62932,10);
INSERT INTO RECORD (REC_ID,REC_DATE,REC_SALES,LOC_ID)
VALUES (211, TO_DATE('08/25/2021', 'MM/DD/YYYY'), 73679,4);
INSERT INTO RECORD (REC_ID,REC_DATE,REC_SALES,LOC_ID)
VALUES (212, TO_DATE('01/19/2023', 'MM/DD/YYYY'), 3318,14);
INSERT INTO RECORD (REC_ID,REC_DATE,REC_SALES,LOC_ID)
VALUES (213, TO_DATE('03/18/2023', 'MM/DD/YYYY'), 57982,11);
INSERT INTO RECORD (REC_ID,REC_DATE,REC_SALES,LOC_ID)
VALUES (214, TO_DATE('01/08/2022', 'MM/DD/YYYY'), 18155,30);
INSERT INTO RECORD (REC_ID,REC_DATE,REC_SALES,LOC_ID)
VALUES (215, TO_DATE('06/06/2022', 'MM/DD/YYYY'), 34794,17);
INSERT INTO RECORD (REC_ID,REC_DATE,REC_SALES,LOC_ID)
VALUES (216, TO_DATE('04/09/2022', 'MM/DD/YYYY'), 7270,2);
INSERT INTO RECORD (REC_ID,REC_DATE,REC_SALES,LOC_ID)
VALUES (217, TO_DATE('12/28/2021', 'MM/DD/YYYY'), 7196,27);
INSERT INTO RECORD (REC_ID,REC_DATE,REC_SALES,LOC_ID)
VALUES (218, TO_DATE('06/13/2021', 'MM/DD/YYYY'), 77821,25);
INSERT INTO RECORD (REC_ID,REC_DATE,REC_SALES,LOC_ID)
VALUES (219, TO_DATE('06/26/2021', 'MM/DD/YYYY'), 63939,16);
INSERT INTO RECORD (REC_ID,REC_DATE,REC_SALES,LOC_ID)
VALUES (220, TO_DATE('09/20/2021', 'MM/DD/YYYY'), 45857,14);
INSERT INTO RECORD (REC_ID,REC_DATE,REC_SALES,LOC_ID)
VALUES (221, TO_DATE('07/23/2022', 'MM/DD/YYYY'), 69108,8);
INSERT INTO RECORD (REC_ID,REC_DATE,REC_SALES,LOC_ID)
VALUES (222, TO_DATE('07/10/2021', 'MM/DD/YYYY'), 16048,4);
INSERT INTO RECORD (REC_ID,REC_DATE,REC_SALES,LOC_ID)
VALUES (223, TO_DATE('01/19/2023', 'MM/DD/YYYY'), 40604,4);
INSERT INTO RECORD (REC_ID,REC_DATE,REC_SALES,LOC_ID)
VALUES (224, TO_DATE('07/11/2021', 'MM/DD/YYYY'), 14778,25);
INSERT INTO RECORD (REC_ID,REC_DATE,REC_SALES,LOC_ID)
VALUES (225, TO_DATE('10/19/2022', 'MM/DD/YYYY'), 8761,10);
INSERT INTO RECORD (REC_ID,REC_DATE,REC_SALES,LOC_ID)
VALUES (226, TO_DATE('03/07/2022', 'MM/DD/YYYY'), 57961,20);
INSERT INTO RECORD (REC_ID,REC_DATE,REC_SALES,LOC_ID)
VALUES (227, TO_DATE('06/30/2021', 'MM/DD/YYYY'), 82394,6);
INSERT INTO RECORD (REC_ID,REC_DATE,REC_SALES,LOC_ID)
VALUES (228, TO_DATE('06/24/2022', 'MM/DD/YYYY'), 72282,12);
INSERT INTO RECORD (REC_ID,REC_DATE,REC_SALES,LOC_ID)
VALUES (229, TO_DATE('06/01/2022', 'MM/DD/YYYY'), 65292,13);
INSERT INTO RECORD (REC_ID,REC_DATE,REC_SALES,LOC_ID)
VALUES (230, TO_DATE('03/18/2023', 'MM/DD/YYYY'), 16576,29);
INSERT INTO RECORD (REC_ID,REC_DATE,REC_SALES,LOC_ID)
VALUES (231, TO_DATE('11/09/2021', 'MM/DD/YYYY'), 61298,21);
INSERT INTO RECORD (REC_ID,REC_DATE,REC_SALES,LOC_ID)
VALUES (232, TO_DATE('07/16/2022', 'MM/DD/YYYY'), 3107,12);
INSERT INTO RECORD (REC_ID,REC_DATE,REC_SALES,LOC_ID)
VALUES (233, TO_DATE('12/20/2021', 'MM/DD/YYYY'), 59534,24);
INSERT INTO RECORD (REC_ID,REC_DATE,REC_SALES,LOC_ID)
VALUES (234, TO_DATE('11/30/2022', 'MM/DD/YYYY'), 44190,8);
INSERT INTO RECORD (REC_ID,REC_DATE,REC_SALES,LOC_ID)
VALUES (235, TO_DATE('04/30/2021', 'MM/DD/YYYY'), 11313,7);
INSERT INTO RECORD (REC_ID,REC_DATE,REC_SALES,LOC_ID)
VALUES (236, TO_DATE('02/14/2022', 'MM/DD/YYYY'), 10764,4);
INSERT INTO RECORD (REC_ID,REC_DATE,REC_SALES,LOC_ID)
VALUES (237, TO_DATE('09/06/2022', 'MM/DD/YYYY'), 15843,15);
INSERT INTO RECORD (REC_ID,REC_DATE,REC_SALES,LOC_ID)
VALUES (238, TO_DATE('06/20/2022', 'MM/DD/YYYY'), 55125,3);
INSERT INTO RECORD (REC_ID,REC_DATE,REC_SALES,LOC_ID)
VALUES (239, TO_DATE('03/05/2022', 'MM/DD/YYYY'), 9801,23);
INSERT INTO RECORD (REC_ID,REC_DATE,REC_SALES,LOC_ID)
VALUES (240, TO_DATE('09/11/2022', 'MM/DD/YYYY'), 28192,10);
INSERT INTO RECORD (REC_ID,REC_DATE,REC_SALES,LOC_ID)
VALUES (241, TO_DATE('09/18/2021', 'MM/DD/YYYY'), 57946,22);
INSERT INTO RECORD (REC_ID,REC_DATE,REC_SALES,LOC_ID)
VALUES (242, TO_DATE('03/06/2022', 'MM/DD/YYYY'), 23561,15);
INSERT INTO RECORD (REC_ID,REC_DATE,REC_SALES,LOC_ID)
VALUES (243, TO_DATE('05/26/2021', 'MM/DD/YYYY'), 36540,22);
INSERT INTO RECORD (REC_ID,REC_DATE,REC_SALES,LOC_ID)
VALUES (244, TO_DATE('04/26/2022', 'MM/DD/YYYY'), 37693,3);
INSERT INTO RECORD (REC_ID,REC_DATE,REC_SALES,LOC_ID)
VALUES (245, TO_DATE('09/23/2021', 'MM/DD/YYYY'), 51506,5);
INSERT INTO RECORD (REC_ID,REC_DATE,REC_SALES,LOC_ID)
VALUES (246, TO_DATE('04/15/2022', 'MM/DD/YYYY'), 68836,18);
INSERT INTO RECORD (REC_ID,REC_DATE,REC_SALES,LOC_ID)
VALUES (247, TO_DATE('07/09/2021', 'MM/DD/YYYY'), 26124,13);
INSERT INTO RECORD (REC_ID,REC_DATE,REC_SALES,LOC_ID)
VALUES (248, TO_DATE('07/08/2022', 'MM/DD/YYYY'), 63175,28);
INSERT INTO RECORD (REC_ID,REC_DATE,REC_SALES,LOC_ID)
VALUES (249, TO_DATE('05/19/2021', 'MM/DD/YYYY'), 56163,13);
INSERT INTO RECORD (REC_ID,REC_DATE,REC_SALES,LOC_ID)
VALUES (250, TO_DATE('01/31/2022', 'MM/DD/YYYY'), 50700,25);
INSERT INTO RECORD (REC_ID,REC_DATE,REC_SALES,LOC_ID)
VALUES (251, TO_DATE('05/19/2022', 'MM/DD/YYYY'), 5985,5);
INSERT INTO RECORD (REC_ID,REC_DATE,REC_SALES,LOC_ID)
VALUES (252, TO_DATE('09/10/2022', 'MM/DD/YYYY'), 60733,24);
INSERT INTO RECORD (REC_ID,REC_DATE,REC_SALES,LOC_ID)
VALUES (253, TO_DATE('01/14/2022', 'MM/DD/YYYY'), 20440,20);
INSERT INTO RECORD (REC_ID,REC_DATE,REC_SALES,LOC_ID)
VALUES (254, TO_DATE('09/13/2021', 'MM/DD/YYYY'), 73478,26);
INSERT INTO RECORD (REC_ID,REC_DATE,REC_SALES,LOC_ID)
VALUES (255, TO_DATE('01/07/2022', 'MM/DD/YYYY'), 17187,12);
INSERT INTO RECORD (REC_ID,REC_DATE,REC_SALES,LOC_ID)
VALUES (256, TO_DATE('11/05/2021', 'MM/DD/YYYY'), 50949,7);
INSERT INTO RECORD (REC_ID,REC_DATE,REC_SALES,LOC_ID)
VALUES (257, TO_DATE('02/24/2022', 'MM/DD/YYYY'), 84896,9);
INSERT INTO RECORD (REC_ID,REC_DATE,REC_SALES,LOC_ID)
VALUES (258, TO_DATE('07/30/2022', 'MM/DD/YYYY'), 58567,30);
INSERT INTO RECORD (REC_ID,REC_DATE,REC_SALES,LOC_ID)
VALUES (259, TO_DATE('11/09/2022', 'MM/DD/YYYY'), 63477,3);
INSERT INTO RECORD (REC_ID,REC_DATE,REC_SALES,LOC_ID)
VALUES (260, TO_DATE('03/29/2023', 'MM/DD/YYYY'), 20721,12);
INSERT INTO RECORD (REC_ID,REC_DATE,REC_SALES,LOC_ID)
VALUES (261, TO_DATE('05/07/2021', 'MM/DD/YYYY'), 66687,12);
INSERT INTO RECORD (REC_ID,REC_DATE,REC_SALES,LOC_ID)
VALUES (262, TO_DATE('11/08/2021', 'MM/DD/YYYY'), 54159,17);
INSERT INTO RECORD (REC_ID,REC_DATE,REC_SALES,LOC_ID)
VALUES (263, TO_DATE('10/18/2022', 'MM/DD/YYYY'), 32573,11);
INSERT INTO RECORD (REC_ID,REC_DATE,REC_SALES,LOC_ID)
VALUES (264, TO_DATE('10/17/2021', 'MM/DD/YYYY'), 37195,13);
INSERT INTO RECORD (REC_ID,REC_DATE,REC_SALES,LOC_ID)
VALUES (265, TO_DATE('08/31/2022', 'MM/DD/YYYY'), 7238,29);
INSERT INTO RECORD (REC_ID,REC_DATE,REC_SALES,LOC_ID)
VALUES (266, TO_DATE('04/30/2022', 'MM/DD/YYYY'), 47947,4);
INSERT INTO RECORD (REC_ID,REC_DATE,REC_SALES,LOC_ID)
VALUES (267, TO_DATE('02/21/2022', 'MM/DD/YYYY'), 39217,20);
INSERT INTO RECORD (REC_ID,REC_DATE,REC_SALES,LOC_ID)
VALUES (268, TO_DATE('08/26/2021', 'MM/DD/YYYY'), 63288,8);
INSERT INTO RECORD (REC_ID,REC_DATE,REC_SALES,LOC_ID)
VALUES (269, TO_DATE('05/05/2022', 'MM/DD/YYYY'), 24594,1);
INSERT INTO RECORD (REC_ID,REC_DATE,REC_SALES,LOC_ID)
VALUES (270, TO_DATE('06/11/2022', 'MM/DD/YYYY'), 9108,13);
INSERT INTO RECORD (REC_ID,REC_DATE,REC_SALES,LOC_ID)
VALUES (271, TO_DATE('06/03/2021', 'MM/DD/YYYY'), 58169,18);
INSERT INTO RECORD (REC_ID,REC_DATE,REC_SALES,LOC_ID)
VALUES (272, TO_DATE('10/22/2022', 'MM/DD/YYYY'), 36077,12);
INSERT INTO RECORD (REC_ID,REC_DATE,REC_SALES,LOC_ID)
VALUES (273, TO_DATE('06/15/2021', 'MM/DD/YYYY'), 81992,18);
INSERT INTO RECORD (REC_ID,REC_DATE,REC_SALES,LOC_ID)
VALUES (274, TO_DATE('05/02/2021', 'MM/DD/YYYY'), 80074,13);
INSERT INTO RECORD (REC_ID,REC_DATE,REC_SALES,LOC_ID)
VALUES (275, TO_DATE('05/02/2021', 'MM/DD/YYYY'), 20560,29);
INSERT INTO RECORD (REC_ID,REC_DATE,REC_SALES,LOC_ID)
VALUES (276, TO_DATE('07/15/2021', 'MM/DD/YYYY'), 21968,6);
INSERT INTO RECORD (REC_ID,REC_DATE,REC_SALES,LOC_ID)
VALUES (277, TO_DATE('09/05/2022', 'MM/DD/YYYY'), 39404,12);
INSERT INTO RECORD (REC_ID,REC_DATE,REC_SALES,LOC_ID)
VALUES (278, TO_DATE('10/22/2021', 'MM/DD/YYYY'), 5231,17);
INSERT INTO RECORD (REC_ID,REC_DATE,REC_SALES,LOC_ID)
VALUES (279, TO_DATE('05/01/2022', 'MM/DD/YYYY'), 5625,22);
INSERT INTO RECORD (REC_ID,REC_DATE,REC_SALES,LOC_ID)
VALUES (280, TO_DATE('06/13/2022', 'MM/DD/YYYY'), 17379,16);
INSERT INTO RECORD (REC_ID,REC_DATE,REC_SALES,LOC_ID)
VALUES (281, TO_DATE('08/05/2022', 'MM/DD/YYYY'), 58936,1);
INSERT INTO RECORD (REC_ID,REC_DATE,REC_SALES,LOC_ID)
VALUES (282, TO_DATE('01/05/2022', 'MM/DD/YYYY'), 73431,12);
INSERT INTO RECORD (REC_ID,REC_DATE,REC_SALES,LOC_ID)
VALUES (283, TO_DATE('06/28/2022', 'MM/DD/YYYY'), 81822,25);
INSERT INTO RECORD (REC_ID,REC_DATE,REC_SALES,LOC_ID)
VALUES (284, TO_DATE('07/10/2021', 'MM/DD/YYYY'), 35738,7);
INSERT INTO RECORD (REC_ID,REC_DATE,REC_SALES,LOC_ID)
VALUES (285, TO_DATE('08/01/2021', 'MM/DD/YYYY'), 61049,5);
INSERT INTO RECORD (REC_ID,REC_DATE,REC_SALES,LOC_ID)
VALUES (286, TO_DATE('01/07/2022', 'MM/DD/YYYY'), 5559,29);
INSERT INTO RECORD (REC_ID,REC_DATE,REC_SALES,LOC_ID)
VALUES (287, TO_DATE('09/15/2022', 'MM/DD/YYYY'), 46270,23);
INSERT INTO RECORD (REC_ID,REC_DATE,REC_SALES,LOC_ID)
VALUES (288, TO_DATE('04/28/2021', 'MM/DD/YYYY'), 37611,22);
INSERT INTO RECORD (REC_ID,REC_DATE,REC_SALES,LOC_ID)
VALUES (289, TO_DATE('02/06/2023', 'MM/DD/YYYY'), 54188,3);
INSERT INTO RECORD (REC_ID,REC_DATE,REC_SALES,LOC_ID)
VALUES (290, TO_DATE('06/24/2022', 'MM/DD/YYYY'), 41452,16);
INSERT INTO RECORD (REC_ID,REC_DATE,REC_SALES,LOC_ID)
VALUES (291, TO_DATE('11/06/2022', 'MM/DD/YYYY'), 65245,14);
INSERT INTO RECORD (REC_ID,REC_DATE,REC_SALES,LOC_ID)
VALUES (292, TO_DATE('10/09/2021', 'MM/DD/YYYY'), 82992,4);
INSERT INTO RECORD (REC_ID,REC_DATE,REC_SALES,LOC_ID)
VALUES (293, TO_DATE('06/09/2021', 'MM/DD/YYYY'), 83003,30);
INSERT INTO RECORD (REC_ID,REC_DATE,REC_SALES,LOC_ID)
VALUES (294, TO_DATE('11/05/2022', 'MM/DD/YYYY'), 48614,23);
INSERT INTO RECORD (REC_ID,REC_DATE,REC_SALES,LOC_ID)
VALUES (295, TO_DATE('10/09/2021', 'MM/DD/YYYY'), 17521,7);
INSERT INTO RECORD (REC_ID,REC_DATE,REC_SALES,LOC_ID)
VALUES (296, TO_DATE('08/14/2022', 'MM/DD/YYYY'), 52270,23);
INSERT INTO RECORD (REC_ID,REC_DATE,REC_SALES,LOC_ID)
VALUES (297, TO_DATE('07/07/2021', 'MM/DD/YYYY'), 76283,18);
INSERT INTO RECORD (REC_ID,REC_DATE,REC_SALES,LOC_ID)
VALUES (298, TO_DATE('10/04/2022', 'MM/DD/YYYY'), 67316,6);
INSERT INTO RECORD (REC_ID,REC_DATE,REC_SALES,LOC_ID)
VALUES (299, TO_DATE('02/05/2022', 'MM/DD/YYYY'), 34072,17);
INSERT INTO RECORD (REC_ID,REC_DATE,REC_SALES,LOC_ID)
VALUES (300, TO_DATE('01/08/2022', 'MM/DD/YYYY'), 34498,15);

INSERT INTO EMPLOYEE (EMP_ID,EMP_FIRST,EMP_LAST,EMP_PHONE_NUM,EMP_JOB_TITLE,EMP_SCH_HOURS,LOC_ID)
VALUES (1,"Jaquelyn","Ruiz","(978) 666-3718","Kitchen",8,18);
INSERT INTO EMPLOYEE (EMP_ID,EMP_FIRST,EMP_LAST,EMP_PHONE_NUM,EMP_JOB_TITLE,EMP_SCH_HOURS,LOC_ID)
VALUES (2,"Ainsley","Williams","(288) 477-3628","Kitchen",9,23);
INSERT INTO EMPLOYEE (EMP_ID,EMP_FIRST,EMP_LAST,EMP_PHONE_NUM,EMP_JOB_TITLE,EMP_SCH_HOURS,LOC_ID)
VALUES (3,"Kevyn","Farmer","(357) 526-0764","Cashier",5,29);
INSERT INTO EMPLOYEE (EMP_ID,EMP_FIRST,EMP_LAST,EMP_PHONE_NUM,EMP_JOB_TITLE,EMP_SCH_HOURS,LOC_ID)
VALUES (4,"Phillip","Owens","(916) 667-0973","Management",5,30);
INSERT INTO EMPLOYEE (EMP_ID,EMP_FIRST,EMP_LAST,EMP_PHONE_NUM,EMP_JOB_TITLE,EMP_SCH_HOURS,LOC_ID)
VALUES (5,"Whitney","Fox","(114) 414-5672","Kitchen",6,28);
INSERT INTO EMPLOYEE (EMP_ID,EMP_FIRST,EMP_LAST,EMP_PHONE_NUM,EMP_JOB_TITLE,EMP_SCH_HOURS,LOC_ID)
VALUES (6,"Carl","O'Neill","(478) 505-2813","Management",4,4);
INSERT INTO EMPLOYEE (EMP_ID,EMP_FIRST,EMP_LAST,EMP_PHONE_NUM,EMP_JOB_TITLE,EMP_SCH_HOURS,LOC_ID)
VALUES (7,"Allistair","Bryan","(288) 467-3263","Cashier",7,29);
INSERT INTO EMPLOYEE (EMP_ID,EMP_FIRST,EMP_LAST,EMP_PHONE_NUM,EMP_JOB_TITLE,EMP_SCH_HOURS,LOC_ID)
VALUES (8,"Georgia","Joyce","(343) 962-2577","Drive-thru",8,26);
INSERT INTO EMPLOYEE (EMP_ID,EMP_FIRST,EMP_LAST,EMP_PHONE_NUM,EMP_JOB_TITLE,EMP_SCH_HOURS,LOC_ID)
VALUES (9,"Charde","Fuller","(447) 283-2420","Drive-thru",6,26);
INSERT INTO EMPLOYEE (EMP_ID,EMP_FIRST,EMP_LAST,EMP_PHONE_NUM,EMP_JOB_TITLE,EMP_SCH_HOURS,LOC_ID)
VALUES (10,"Jillian","Stephens","(682) 678-4146","Kitchen",10,7);
INSERT INTO EMPLOYEE (EMP_ID,EMP_FIRST,EMP_LAST,EMP_PHONE_NUM,EMP_JOB_TITLE,EMP_SCH_HOURS,LOC_ID)
VALUES (11,"Andrew","Brown","(311) 576-3070","Kitchen",7,20);
INSERT INTO EMPLOYEE (EMP_ID,EMP_FIRST,EMP_LAST,EMP_PHONE_NUM,EMP_JOB_TITLE,EMP_SCH_HOURS,LOC_ID)
VALUES (12,"Liberty","Arnold","(825) 858-6806","Kitchen",8,18);
INSERT INTO EMPLOYEE (EMP_ID,EMP_FIRST,EMP_LAST,EMP_PHONE_NUM,EMP_JOB_TITLE,EMP_SCH_HOURS,LOC_ID)
VALUES (13,"Amber","Lara","(743) 771-6104","Cashier",5,17);
INSERT INTO EMPLOYEE (EMP_ID,EMP_FIRST,EMP_LAST,EMP_PHONE_NUM,EMP_JOB_TITLE,EMP_SCH_HOURS,LOC_ID)
VALUES (14,"Geraldine","Hensley","(535) 332-3573","Cashier",8,26);
INSERT INTO EMPLOYEE (EMP_ID,EMP_FIRST,EMP_LAST,EMP_PHONE_NUM,EMP_JOB_TITLE,EMP_SCH_HOURS,LOC_ID)
VALUES (15,"Kevyn","Sutton","(856) 729-1718","Cashier",9,24);
INSERT INTO EMPLOYEE (EMP_ID,EMP_FIRST,EMP_LAST,EMP_PHONE_NUM,EMP_JOB_TITLE,EMP_SCH_HOURS,LOC_ID)
VALUES (16,"Lewis","Byrd","(625) 683-2368","Drive-thru",6,22);
INSERT INTO EMPLOYEE (EMP_ID,EMP_FIRST,EMP_LAST,EMP_PHONE_NUM,EMP_JOB_TITLE,EMP_SCH_HOURS,LOC_ID)
VALUES (17,"Connor","Noel","(862) 666-8952","Cashier",8,21);
INSERT INTO EMPLOYEE (EMP_ID,EMP_FIRST,EMP_LAST,EMP_PHONE_NUM,EMP_JOB_TITLE,EMP_SCH_HOURS,LOC_ID)
VALUES (18,"Malachi","Bender","(715) 609-2140","Cashier",9,9);
INSERT INTO EMPLOYEE (EMP_ID,EMP_FIRST,EMP_LAST,EMP_PHONE_NUM,EMP_JOB_TITLE,EMP_SCH_HOURS,LOC_ID)
VALUES (19,"Demetrius","Erickson","(770) 769-7135","Kitchen",6,28);
INSERT INTO EMPLOYEE (EMP_ID,EMP_FIRST,EMP_LAST,EMP_PHONE_NUM,EMP_JOB_TITLE,EMP_SCH_HOURS,LOC_ID)
VALUES (20,"Hadley","Cervantes","(756) 774-6087","Management",4,19);
INSERT INTO EMPLOYEE (EMP_ID,EMP_FIRST,EMP_LAST,EMP_PHONE_NUM,EMP_JOB_TITLE,EMP_SCH_HOURS,LOC_ID)
VALUES (21,"Camilla","Brewer","(534) 218-0213","Management",9,3);
INSERT INTO EMPLOYEE (EMP_ID,EMP_FIRST,EMP_LAST,EMP_PHONE_NUM,EMP_JOB_TITLE,EMP_SCH_HOURS,LOC_ID)
VALUES (22,"Odessa","Fulton","(635) 812-2782","Management",7,13);
INSERT INTO EMPLOYEE (EMP_ID,EMP_FIRST,EMP_LAST,EMP_PHONE_NUM,EMP_JOB_TITLE,EMP_SCH_HOURS,LOC_ID)
VALUES (23,"Louis","Macias","(406) 262-8249","Drive-thru",7,20);
INSERT INTO EMPLOYEE (EMP_ID,EMP_FIRST,EMP_LAST,EMP_PHONE_NUM,EMP_JOB_TITLE,EMP_SCH_HOURS,LOC_ID)
VALUES (24,"Gretchen","Schroeder","(203) 442-3837","Cashier",6,27);
INSERT INTO EMPLOYEE (EMP_ID,EMP_FIRST,EMP_LAST,EMP_PHONE_NUM,EMP_JOB_TITLE,EMP_SCH_HOURS,LOC_ID)
VALUES (25,"Cade","Bright","(819) 661-0724","Management",9,26);
INSERT INTO EMPLOYEE (EMP_ID,EMP_FIRST,EMP_LAST,EMP_PHONE_NUM,EMP_JOB_TITLE,EMP_SCH_HOURS,LOC_ID)
VALUES (26,"Claudia","Ellison","(706) 466-0747","Drive-thru",10,26);
INSERT INTO EMPLOYEE (EMP_ID,EMP_FIRST,EMP_LAST,EMP_PHONE_NUM,EMP_JOB_TITLE,EMP_SCH_HOURS,LOC_ID)
VALUES (27,"Vaughan","Barnett","(955) 751-4825","Management",9,11);
INSERT INTO EMPLOYEE (EMP_ID,EMP_FIRST,EMP_LAST,EMP_PHONE_NUM,EMP_JOB_TITLE,EMP_SCH_HOURS,LOC_ID)
VALUES (28,"Lawrence","Harper","(413) 137-2886","Management",5,14);
INSERT INTO EMPLOYEE (EMP_ID,EMP_FIRST,EMP_LAST,EMP_PHONE_NUM,EMP_JOB_TITLE,EMP_SCH_HOURS,LOC_ID)
VALUES (29,"Brenden","Wall","(125) 670-3750","Kitchen",10,10);
INSERT INTO EMPLOYEE (EMP_ID,EMP_FIRST,EMP_LAST,EMP_PHONE_NUM,EMP_JOB_TITLE,EMP_SCH_HOURS,LOC_ID)
VALUES (30,"Dexter","Banks","(382) 973-5785","Kitchen",5,8);


